"","anger","anticipation","disgust","fear","joy","sadness","surprise","trust","negative","positive","name"
"10-Things-I-Hate-About-You",135,121,95,146,121,118,81,162,289,277,"10-Things-I-Hate-About-You"
"12-and-Holding",100,100,86,132,82,116,62,117,244,207,"12-and-Holding"
"12-Monkeys",186,159,129,264,125,180,106,196,444,342,"12-Monkeys"
"12-Years-a-Slave",194,181,143,228,153,220,99,229,455,424,"12-Years-a-Slave"
"12",0,0,0,0,0,0,0,0,0,1,"12"
"127-Hours",119,121,95,150,99,131,79,123,266,239,"127-Hours"
"1492-Conquest-of-Paradise",169,149,108,210,142,160,94,209,354,377,"1492-Conquest-of-Paradise"
"15-Minutes",130,111,85,150,96,126,74,152,292,254,"15-Minutes"
"17-Again",111,110,95,125,108,117,70,136,261,243,"17-Again"
"187",153,137,102,188,96,153,87,175,367,292,"187"
"2001-A-Space-Odyssey",89,136,56,127,94,116,78,153,238,275,"2001-A-Space-Odyssey"
"2012",122,140,84,176,104,125,95,168,302,307,"2012"
"25th-Hour",103,112,81,133,96,94,60,135,260,244,"25th-Hour"
"28-Days-Later",101,96,63,142,70,96,76,116,237,211,"28-Days-Later"
"30-Minutes-or-Less",128,125,100,165,97,132,83,150,297,258,"30-Minutes-or-Less"
"42",132,136,86,154,123,133,77,179,281,307,"42"
"44-Inch-Ches",134,101,117,159,97,142,73,108,340,224,"44-Inch-Ches"
"48-Hrs",0,2,0,1,0,0,0,0,1,0,"48-Hrs"
"50-50",114,125,88,153,109,145,74,155,289,275,"50-50"
"500-Days-of-Summer",98,115,79,115,115,116,73,144,225,250,"500-Days-of-Summer"
"8MM",136,139,122,185,114,162,74,181,342,297,"8MM"
"9",117,101,69,160,79,122,79,106,278,201,"9"
"A-Few-Good-Men",121,124,79,150,88,124,65,202,285,298,"A-Few-Good-Men"
"A-Most-Violent-Year",106,103,63,137,75,104,51,146,243,238,"A-Most-Violent-Year"
"A-Prayer-Before-Dawn",181,126,117,217,93,160,94,132,371,234,"A-Prayer-Before-Dawn"
"A-Quiet-Place",93,83,63,125,79,103,57,105,231,193,"A-Quiet-Place"
"A-Scanner-Darkly",134,130,111,171,87,145,84,147,369,277,"A-Scanner-Darkly"
"A-Serious-Man",100,122,77,127,97,111,86,164,246,266,"A-Serious-Man"
"Above-the-Law",173,146,109,221,114,158,94,199,364,330,"Above-the-Law"
"Absolute-Power",122,113,79,148,109,132,80,154,261,266,"Absolute-Power"
"Abyss,-The",156,140,112,242,110,158,96,183,403,324,"Abyss,-The"
"Ace-Ventura-Pet-Detective",0,1,0,0,0,0,0,1,1,2,"Ace-Ventura-Pet-Detective"
"Adaptation",134,142,119,176,127,163,86,170,340,321,"Adaptation"
"Addams-Family,-The",97,79,68,123,72,95,48,82,207,161,"Addams-Family,-The"
"Adjustment-Bureau,-The",106,125,64,123,113,116,85,172,249,278,"Adjustment-Bureau,-The"
"Adventures-of-Buckaroo-Banzai-Across-the-Eighth-Dimension,-The",166,146,132,232,108,152,99,196,384,332,"Adventures-of-Buckaroo-Banzai-Across-the-Eighth-Dimension,-The"
"Affliction",86,93,67,107,67,106,55,117,225,184,"Affliction"
"After-School-Specia",102,110,75,109,98,88,66,137,240,242,"After-School-Specia"
"After.Life",100,80,79,123,78,122,62,105,258,191,"After.Life"
"Agnes-of-God",73,89,65,96,72,93,50,110,174,181,"Agnes-of-God"
"Air-Force-One",1,1,0,1,0,0,0,1,1,1,"Air-Force-One"
"Airplane-2-The-Seque",122,103,89,158,97,130,73,152,281,271,"Airplane-2-The-Seque"
"Airplane",76,110,64,118,86,100,64,136,208,214,"Airplane"
"Aladdin",114,115,83,140,116,101,89,130,239,245,"Aladdin"
"Ali",178,169,93,197,139,152,105,232,368,367,"Ali"
"Alien-3",125,103,99,166,70,123,57,123,309,242,"Alien-3"
"Alien-Nation",142,107,103,193,92,138,82,171,342,296,"Alien-Nation"
"Alien-Resurrection",140,84,105,187,71,126,67,110,316,216,"Alien-Resurrection"
"Alien-vs.-Predator",174,116,126,243,74,161,99,134,417,273,"Alien-vs.-Predator"
"Alien",112,115,89,182,67,128,77,119,314,220,"Alien"
"Aliens",180,132,121,259,97,178,107,173,438,312,"Aliens"
"All-About-Eve",139,150,107,156,155,139,97,219,330,394,"All-About-Eve"
"All-About-Steve",122,135,97,156,113,142,73,182,279,300,"All-About-Steve"
"All-the-King's-Men",114,104,70,130,91,116,76,154,248,226,"All-the-King's-Men"
"All-the-President's-Men",94,104,68,121,82,103,61,157,223,251,"All-the-President's-Men"
"Almost-Famous",0,1,0,0,0,0,0,1,0,3,"Almost-Famous"
"Alone-in-the-Dark",115,99,66,166,63,103,79,116,262,216,"Alone-in-the-Dark"
"Amadeus",174,190,126,215,197,187,131,244,410,461,"Amadeus"
"Amelia",131,174,89,154,166,142,101,209,313,411,"Amelia"
"American-Beauty",102,110,90,127,102,115,70,141,256,257,"American-Beauty"
"American-Gangster",137,130,105,178,114,159,78,206,329,342,"American-Gangster"
"American-Graffiti",130,116,101,171,111,123,83,140,288,245,"American-Graffiti"
"American-History-X",128,104,94,142,90,114,74,134,255,222,"American-History-X"
"American-Hustle",121,122,92,144,120,116,76,169,271,299,"American-Hustle"
"American-Madness",124,116,84,153,97,135,85,147,282,259,"American-Madness"
"American-Milkshake",103,97,76,107,76,96,53,112,239,194,"American-Milkshake"
"American-Outlaws",159,98,90,155,97,138,85,158,298,249,"American-Outlaws"
"American-Pie",100,112,80,118,116,88,79,137,249,272,"American-Pie"
"American-President,-The",113,132,72,109,114,101,77,208,238,334,"American-President,-The"
"American-Psycho",109,104,91,123,105,117,65,148,266,272,"American-Psycho"
"American-Shaolin-King-of-Kickboxers-II",122,134,81,138,109,126,84,156,264,300,"American-Shaolin-King-of-Kickboxers-II"
"American-Sniper",144,142,94,193,117,134,83,163,326,287,"American-Sniper"
"American-Splendor",116,117,90,137,111,132,82,136,275,268,"American-Splendor"
"American-Werewolf-in-London",131,100,91,175,83,133,71,118,295,217,"American-Werewolf-in-London"
"American,-The",112,143,81,162,109,120,70,172,295,306,"American,-The"
"Amityville-Asylum,-The",119,93,88,165,75,119,69,132,267,216,"Amityville-Asylum,-The"
"Amour",47,90,39,84,74,92,48,95,157,168,"Amour"
"An-Education",92,116,74,102,113,111,79,127,240,259,"An-Education"
"Analyze-Tha",126,113,72,162,85,115,68,144,294,248,"Analyze-Tha"
"Analyze-This",127,117,82,150,107,125,71,148,278,249,"Analyze-This"
"Anastasia",114,110,84,136,103,100,77,115,247,212,"Anastasia"
"Angel-Eyes",131,117,72,155,102,130,90,149,269,253,"Angel-Eyes"
"Anna-Karenina",143,155,113,178,154,171,105,203,355,359,"Anna-Karenina"
"Annie-Ha",104,125,89,124,117,119,74,159,247,275,"Annie-Ha"
"Anniversary-Party,-The",89,107,80,100,110,98,70,128,224,227,"Anniversary-Party,-The"
"Anonymous",174,155,114,207,146,166,96,203,355,363,"Anonymous"
"Antitrus",130,140,86,176,114,130,92,166,301,316,"Antitrus"
"Antz",112,130,95,153,113,117,77,148,278,255,"Antz"
"Apartment,-The",0,1,0,0,1,0,0,1,0,2,"Apartment,-The"
"Apocalypse-Now",146,134,109,202,110,138,90,182,343,313,"Apocalypse-Now"
"Apollo-13",0,1,0,0,0,0,0,0,0,1,"Apollo-13"
"April-Fool's-Day",104,126,81,142,97,114,86,136,272,262,"April-Fool's-Day"
"Apt-Pupi",25,27,11,31,18,21,18,29,64,55,"Apt-Pupi"
"Arbitrage",83,107,58,105,90,102,61,155,209,232,"Arbitrage"
"Arcade",124,113,84,168,76,130,78,108,301,227,"Arcade"
"Arctic-Blue",149,126,126,194,93,165,77,141,385,279,"Arctic-Blue"
"Argo",118,133,69,150,98,101,84,186,247,299,"Argo"
"Armageddon",136,123,98,174,91,125,88,164,309,275,"Armageddon"
"Army-of-Darkness",124,76,86,159,58,104,77,87,269,170,"Army-of-Darkness"
"Arsenic-and-Old-Lace",99,111,70,146,101,108,73,140,235,237,"Arsenic-and-Old-Lace"
"Arthur",142,150,120,169,146,151,93,204,339,345,"Arthur"
"Artist,-The",89,84,58,108,83,103,68,108,196,193,"Artist,-The"
"As-Good-As-It-Gets",119,122,95,155,127,145,86,156,296,309,"As-Good-As-It-Gets"
"Assassins",92,90,61,120,67,91,56,119,243,208,"Assassins"
"Assignment,-The",174,166,107,218,130,167,87,205,375,322,"Assignment,-The"
"At-First-Sig",0,0,1,0,0,0,0,1,1,0,"At-First-Sig"
"August-Osage-County",116,129,95,152,99,140,81,156,291,276,"August-Osage-County"
"Austin-Powers---International-Man-of-Mystery",114,117,82,158,105,123,78,144,286,278,"Austin-Powers---International-Man-of-Mystery"
"Austin-Powers---The-Spy-Who-Shagged-Me",105,110,78,127,107,96,60,150,262,264,"Austin-Powers---The-Spy-Who-Shagged-Me"
"Authors-Anonymous",88,140,61,99,136,86,76,170,201,320,"Authors-Anonymous"
"Autumn-in-New-York",128,165,95,164,163,162,113,171,350,353,"Autumn-in-New-York"
"Avatar",178,150,122,243,117,173,109,196,430,353,"Avatar"
"Avengers,-The-(2012)",142,121,73,188,98,130,87,170,296,273,"Avengers,-The-(2012)"
"Avengers,-The",146,143,94,207,110,151,100,182,346,331,"Avengers,-The"
"Avventura,-L'-(The-Adventure)",130,150,89,169,128,146,98,178,343,338,"Avventura,-L'-(The-Adventure)"
"Awakenings",85,105,60,109,85,116,65,123,229,251,"Awakenings"
"Babe",111,99,80,155,78,121,61,131,266,210,"Babe"
"Bachelor-Party,-The",101,105,70,125,97,126,72,136,237,246,"Bachelor-Party,-The"
"Bachelor-Party",113,130,73,128,131,102,90,165,268,289,"Bachelor-Party"
"Back-up-Plan,-The",69,98,62,88,94,85,63,119,180,210,"Back-up-Plan,-The"
"Backdraf",150,119,126,198,107,163,91,152,363,268,"Backdraf"
"Bad-Boys",112,101,102,143,91,112,79,150,278,250,"Bad-Boys"
"Bad-Country",141,100,102,196,70,134,74,156,341,241,"Bad-Country"
"Bad-Day-at-Black-Rock",126,128,98,173,77,159,70,152,361,256,"Bad-Day-at-Black-Rock"
"Bad-Dreams",132,129,95,177,109,141,90,168,325,305,"Bad-Dreams"
"Bad-Lieutenan",120,112,78,139,95,102,71,128,251,222,"Bad-Lieutenan"
"Bad-Santa",92,92,68,97,88,92,60,119,224,210,"Bad-Santa"
"Bad-Teacher",93,126,79,121,111,97,76,164,247,276,"Bad-Teacher"
"Badlands",86,95,56,104,78,84,63,121,184,182,"Badlands"
"Bamboozled",137,136,97,168,144,125,89,172,300,319,"Bamboozled"
"Barry-Lyndon",226,200,168,283,213,234,119,311,506,565,"Barry-Lyndon"
"Barton-Fink",103,109,95,126,99,129,66,142,279,257,"Barton-Fink"
"Basic-Instinc",73,62,49,98,53,85,42,100,177,159,"Basic-Instinc"
"Basic",127,93,88,165,71,134,66,140,280,219,"Basic"
"Basquia",83,104,76,91,94,89,54,114,214,225,"Basquia"
"Batman-2",211,181,129,264,146,188,136,223,487,412,"Batman-2"
"Batman",206,187,135,265,154,184,141,227,467,403,"Batman"
"Battle-Los-Angeles",96,88,58,161,66,96,69,116,252,200,"Battle-Los-Angeles"
"Battle-of-Algiers,-The",170,165,107,221,112,177,101,198,376,369,"Battle-of-Algiers,-The"
"Battle-of-Shaker-Heights,-The",90,106,76,109,101,101,66,134,222,245,"Battle-of-Shaker-Heights,-The"
"Beach,-The",0,0,0,0,1,0,0,0,0,0,"Beach,-The"
"Bean",144,136,113,178,128,149,102,181,353,358,"Bean"
"Beasts-of-No-Nation",153,133,104,214,117,158,84,186,347,329,"Beasts-of-No-Nation"
"Beasts-of-the-Southern-Wild",114,112,92,158,112,117,80,146,274,252,"Beasts-of-the-Southern-Wild"
"Beauty-and-the-Beas",147,147,97,211,155,146,106,170,356,349,"Beauty-and-the-Beas"
"Beavis-and-Butt-head-Do-America",92,95,63,125,75,91,60,128,235,194,"Beavis-and-Butt-head-Do-America"
"Beginners",71,95,56,109,103,104,63,130,179,220,"Beginners"
"Being-Human",179,196,127,219,177,196,108,246,423,445,"Being-Human"
"Being-John-Malkovic",103,142,101,125,133,123,91,166,255,304,"Being-John-Malkovic"
"Being-There",84,132,69,127,121,127,76,207,233,346,"Being-There"
"Believer,-The",158,122,100,177,108,131,76,160,319,295,"Believer,-The"
"Belle",126,143,100,152,138,156,78,201,310,352,"Belle"
"Beloved",134,131,112,180,125,160,87,156,342,295,"Beloved"
"Best-Exotic-Marigold-Hotel,-The",108,141,83,136,127,126,84,183,253,324,"Best-Exotic-Marigold-Hotel,-The"
"Big-Blue,-The",95,123,73,137,111,121,87,151,265,263,"Big-Blue,-The"
"Big-Eyes",152,154,113,169,164,153,117,191,372,349,"Big-Eyes"
"Big-Fis",116,157,86,186,135,126,102,198,313,320,"Big-Fis"
"Big-Lebowski,-The",119,103,85,132,89,124,67,140,274,244,"Big-Lebowski,-The"
"Big-Sick,-The",85,103,66,111,90,103,56,112,198,192,"Big-Sick,-The"
"Big-White,-The",128,126,87,148,100,127,83,164,309,269,"Big-White,-The"
"Big",29,55,28,38,51,39,32,57,71,103,"Big"
"Birdman",117,113,85,131,99,112,68,128,252,234,"Birdman"
"Birds,-The",118,136,71,162,96,127,92,146,297,259,"Birds,-The"
"Birthday-Gir",74,83,58,109,67,95,52,102,197,183,"Birthday-Gir"
"Black-Dahlia,-The",196,151,168,224,128,186,104,215,450,362,"Black-Dahlia,-The"
"Black-Panther",126,118,65,176,89,122,78,155,263,278,"Black-Panther"
"Black-Rain",121,94,78,143,89,123,66,122,271,227,"Black-Rain"
"Black-Snake-Moan",125,109,88,147,109,131,66,148,313,263,"Black-Snake-Moan"
"Black-Swan",120,112,77,135,99,112,79,114,279,230,"Black-Swan"
"BlacKkKlansman",140,137,87,177,119,122,90,191,284,344,"BlacKkKlansman"
"Blade-II",0,1,0,0,0,0,0,1,0,1,"Blade-II"
"Blade-Runner",125,138,92,195,121,140,89,179,339,330,"Blade-Runner"
"Blade-Trinity",173,120,125,249,100,177,78,178,417,301,"Blade-Trinity"
"Blade",181,143,145,258,107,172,100,172,433,311,"Blade"
"Blast-from-the-Past,-The",1,0,0,1,0,0,1,0,1,0,"Blast-from-the-Past,-The"
"Blind-Side,-The",102,121,83,120,107,100,69,155,241,282,"Blind-Side,-The"
"Bling-Ring,-The",70,81,46,83,72,54,49,108,146,206,"Bling-Ring,-The"
"Blood-and-Wine",120,125,82,140,101,114,92,151,283,267,"Blood-and-Wine"
"Blood-Simple",75,68,52,97,51,85,52,97,197,143,"Blood-Simple"
"Blow",115,123,78,142,116,111,72,164,252,261,"Blow"
"Blue-Valentine",82,104,67,99,106,95,60,124,217,219,"Blue-Valentine"
"Blue-Velve",99,114,83,142,97,109,67,115,222,202,"Blue-Velve"
"Body-Hea",138,128,96,152,117,132,95,161,286,295,"Body-Hea"
"Body-of-Evidence",130,119,77,146,78,116,68,146,256,231,"Body-of-Evidence"
"Bodyguard",142,166,89,165,146,134,107,204,332,361,"Bodyguard"
"Bones",0,0,0,0,0,0,0,0,0,0,"Bones"
"Bonfire-of-the-Vanities",122,125,94,145,109,138,84,178,288,323,"Bonfire-of-the-Vanities"
"Bonnie-and-Clyde",165,159,122,204,140,161,98,188,370,349,"Bonnie-and-Clyde"
"Boogie-Nights",91,109,64,97,92,84,67,142,201,233,"Boogie-Nights"
"Book-of-Eli,-The",151,125,113,201,121,164,87,184,357,329,"Book-of-Eli,-The"
"Boondock-Saints-2-All-Saints-Day",157,137,102,201,116,127,94,192,345,328,"Boondock-Saints-2-All-Saints-Day"
"Boondock-Saints,-The",149,128,113,169,114,138,89,186,324,306,"Boondock-Saints,-The"
"Bottle-Rocke",1,1,0,0,0,0,0,1,0,1,"Bottle-Rocke"
"Bound",84,65,58,98,47,86,42,71,202,132,"Bound"
"Bounty-Hunter,-The",108,110,83,129,104,106,72,126,256,217,"Bounty-Hunter,-The"
"Bourne-Identity,-The",112,93,76,160,59,122,66,122,279,191,"Bourne-Identity,-The"
"Bourne-Supremacy,-The",112,92,67,152,62,121,65,131,256,206,"Bourne-Supremacy,-The"
"Bourne-Ultimatum,-The",98,74,38,136,31,90,47,109,221,164,"Bourne-Ultimatum,-The"
"Box,-The",95,114,65,143,94,116,69,158,226,257,"Box,-The"
"Boxtrolls,-The",142,127,121,183,121,126,86,144,343,270,"Boxtrolls,-The"
"Boyhood",101,128,78,121,137,103,80,166,228,308,"Boyhood"
"Bravehear",190,147,128,240,144,178,108,209,400,358,"Bravehear"
"Brazi",0,0,0,0,0,0,0,0,0,0,"Brazi"
"Break",63,53,50,79,63,69,39,68,133,132,"Break"
"Breakdown",111,95,79,134,63,100,73,120,261,187,"Breakdown"
"Breakfast-Club,-The",73,59,64,73,57,84,47,83,178,152,"Breakfast-Club,-The"
"Breaking-Away",81,104,61,109,93,94,64,108,196,206,"Breaking-Away"
"Brick",95,96,67,124,81,108,64,128,243,218,"Brick"
"Bridesmaids",83,125,65,94,123,89,69,144,216,273,"Bridesmaids"
"Bringing-Out-the-Dead",112,77,71,154,72,134,56,122,271,202,"Bringing-Out-the-Dead"
"Broadcast-News",0,1,0,0,0,0,0,1,0,2,"Broadcast-News"
"Broken-Arrow",101,86,63,137,59,89,65,106,221,175,"Broken-Arrow"
"Broken-Embraces",173,179,124,227,163,195,119,235,435,438,"Broken-Embraces"
"Brothers-Bloom,-The",118,118,95,161,106,119,79,151,295,267,"Brothers-Bloom,-The"
"Bruce-Almighty",100,131,85,145,132,108,84,171,244,307,"Bruce-Almighty"
"Buffy-the-Vampire-Slayer",2,0,2,2,0,1,1,0,2,0,"Buffy-the-Vampire-Slayer"
"Bull-Durha",124,127,94,132,122,119,90,163,260,286,"Bull-Durha"
"Buried",92,81,49,125,58,95,50,119,230,189,"Buried"
"Burlesque",108,113,80,113,112,110,72,141,265,277,"Burlesque"
"Burn-After-Reading",84,95,61,103,80,90,67,122,213,221,"Burn-After-Reading"
"Burning-Annie",102,116,82,124,97,113,66,130,254,234,"Burning-Annie"
"Butterfly-Effect,-The",147,137,115,196,129,159,101,163,352,292,"Butterfly-Effect,-The"
"Cable-Guy",135,127,85,145,106,123,81,157,270,273,"Cable-Guy"
"Candle-to-Water",141,111,104,167,97,139,60,154,306,271,"Candle-to-Water"
"Capote",93,109,57,106,99,112,52,135,200,256,"Capote"
"Carrie",135,115,97,162,97,132,97,129,321,272,"Carrie"
"Cars-2",104,126,69,130,108,89,93,146,246,268,"Cars-2"
"Case-39",160,125,116,221,99,162,89,186,377,279,"Case-39"
"Casino",154,149,95,179,120,157,91,210,362,334,"Casino"
"Cast-Away",122,131,88,148,106,150,77,147,297,290,"Cast-Away"
"Catch-Me-If-You-Can",97,114,64,126,105,104,60,175,227,291,"Catch-Me-If-You-Can"
"Catwoman",162,143,130,199,106,166,105,169,381,312,"Catwoman"
"Cecil-B.-Demented",160,124,127,187,118,151,101,163,351,271,"Cecil-B.-Demented"
"Cedar-Rapids",124,142,106,140,132,146,89,198,316,332,"Cedar-Rapids"
"Cell,-The",130,151,124,206,111,157,88,187,355,309,"Cell,-The"
"Cellular",162,125,98,205,95,144,96,159,352,257,"Cellular"
"Change-Up,-The",122,128,98,134,118,114,77,162,269,301,"Change-Up,-The"
"Changeling",160,138,93,208,101,165,88,206,357,314,"Changeling"
"Chaos",124,113,73,154,78,104,72,160,270,254,"Chaos"
"Charade",108,126,88,146,106,129,84,162,277,284,"Charade"
"Charlie's-Angels",117,130,83,141,111,96,87,158,266,291,"Charlie's-Angels"
"Chasing-Amy",133,117,99,133,108,123,76,163,289,283,"Chasing-Amy"
"Chasing-Sleep",77,80,63,99,55,102,44,98,198,167,"Chasing-Sleep"
"Cherry-Falls",115,89,82,135,81,114,64,118,251,206,"Cherry-Falls"
"Chinatown",129,99,92,132,74,134,63,136,284,239,"Chinatown"
"Christ-Complex",85,76,55,96,71,77,47,111,170,180,"Christ-Complex"
"Chronicle",111,86,84,133,68,112,68,105,243,186,"Chronicle"
"Chronicles-of-Narnia-The-Lion,-the-Witch-and-the-Wardrobe",57,59,36,70,60,57,35,82,122,132,"Chronicles-of-Narnia-The-Lion,-the-Witch-and-the-Wardrobe"
"Cider-House-Rules,-The",112,128,87,145,117,137,90,149,274,279,"Cider-House-Rules,-The"
"Cincinnati-Kid,-The",108,128,69,123,120,108,79,162,253,310,"Cincinnati-Kid,-The"
"Cinema-Paradiso",167,152,121,233,135,198,110,182,418,344,"Cinema-Paradiso"
"Cirque-du-Freak-The-Vampire's-Assistan",131,115,98,180,91,143,70,137,310,226,"Cirque-du-Freak-The-Vampire's-Assistan"
"Citizen-Kane",155,164,113,182,162,169,107,235,363,410,"Citizen-Kane"
"City-of-Joy",154,170,123,186,161,166,111,217,384,394,"City-of-Joy"
"Clash-of-the-Titans",206,170,149,268,146,197,124,214,458,387,"Clash-of-the-Titans"
"Clerks",147,105,111,141,88,134,64,153,310,239,"Clerks"
"Cliffhanger",145,126,89,197,86,154,95,146,335,247,"Cliffhanger"
"Clueless",0,0,0,0,0,0,0,0,0,0,"Clueless"
"Cobb",164,147,109,198,130,152,105,195,352,336,"Cobb"
"Coco",82,105,59,111,110,95,83,141,203,239,"Coco"
"Code-of-Silence",117,93,81,137,73,103,70,128,249,216,"Code-of-Silence"
"Cold-Mountain",172,161,145,228,141,186,91,200,435,344,"Cold-Mountain"
"Collatera",137,122,80,175,90,131,81,154,322,249,"Collatera"
"Collateral-Damage",159,126,99,215,92,139,96,165,344,293,"Collateral-Damage"
"Colombiana",116,125,84,166,104,106,76,167,265,269,"Colombiana"
"Color-of-Nig",117,113,94,159,105,122,75,161,272,277,"Color-of-Nig"
"Commando",0,0,0,0,0,0,0,0,0,1,"Commando"
"Conan-the-Barbarian",0,1,0,1,0,0,0,0,1,2,"Conan-the-Barbarian"
"Confessions-of-a-Dangerous-Mind",146,164,119,159,142,144,89,187,320,325,"Confessions-of-a-Dangerous-Mind"
"Confidence",108,106,83,146,86,112,63,142,260,235,"Confidence"
"Constantine",162,126,128,220,101,167,83,169,361,291,"Constantine"
"Cooler,-The",118,130,88,135,114,135,90,148,294,259,"Cooler,-The"
"Copyca",0,1,0,0,0,0,0,1,0,1,"Copyca"
"Coraline",116,115,84,154,115,113,78,123,302,254,"Coraline"
"Coriolanus",209,152,146,258,147,186,102,235,435,375,"Coriolanus"
"Cradle-2-the-Grave",110,96,59,149,75,89,59,116,228,208,"Cradle-2-the-Grave"
"Crank",132,102,100,161,77,114,89,113,309,223,"Crank"
"Cras",97,105,73,135,70,104,63,126,255,225,"Cras"
"Crazy,-Stupid,-Love",99,113,80,109,113,107,76,137,224,252,"Crazy,-Stupid,-Love"
"Crazylove",90,127,58,122,115,97,79,148,222,270,"Crazylove"
"Creation",120,130,101,178,129,147,83,194,323,327,"Creation"
"Crime-Spree",110,95,65,128,85,100,62,132,235,220,"Crime-Spree"
"Croods,-The",98,80,65,141,67,91,69,81,234,162,"Croods,-The"
"Crouching-Tiger,-Hidden-Dragon",97,97,64,134,85,92,56,137,201,223,"Crouching-Tiger,-Hidden-Dragon"
"Croupier",91,110,82,127,92,84,67,118,217,219,"Croupier"
"Crow-City-of-Angels,-The",134,103,96,176,98,135,81,123,321,236,"Crow-City-of-Angels,-The"
"Crow-Salvation,-The",0,1,0,0,1,0,0,1,0,1,"Crow-Salvation,-The"
"Crow,-The",177,112,112,216,100,150,90,152,381,260,"Crow,-The"
"Cruel-Intentions",92,115,82,105,110,114,71,139,234,252,"Cruel-Intentions"
"Crying-Game",65,64,46,83,62,69,42,79,159,149,"Crying-Game"
"Cube",0,1,0,0,0,0,0,2,0,1,"Cube"
"Curious-Case-of-Benjamin-Button,-The",123,170,91,164,152,155,96,201,310,353,"Curious-Case-of-Benjamin-Button,-The"
"Custody",72,86,54,91,82,76,47,130,171,221,"Custody"
"Dallas-Buyers-Club",104,102,90,129,96,111,60,153,249,253,"Dallas-Buyers-Club"
"Damned-United,-The",120,122,72,137,116,121,75,167,237,278,"Damned-United,-The"
"Dances-with-Wolves",154,147,107,197,123,160,100,175,377,329,"Dances-with-Wolves"
"Danish-Girl,-The",93,125,65,131,118,124,80,142,258,260,"Danish-Girl,-The"
"Dark-City",152,110,124,197,78,153,84,138,361,245,"Dark-City"
"Dark-Knight-Rises,-The",177,152,111,249,104,168,104,186,398,329,"Dark-Knight-Rises,-The"
"Dark-Star",30,48,26,48,38,43,28,54,101,100,"Dark-Star"
"Darkman",161,133,123,229,111,182,94,165,406,298,"Darkman"
"Date-Nig",103,100,74,111,84,96,78,121,226,206,"Date-Nig"
"Dave-Barry's-Complete-Guide-to-Guys",93,109,62,98,88,96,55,163,204,251,"Dave-Barry's-Complete-Guide-to-Guys"
"Dawn-of-the-Dead",149,134,105,187,95,134,98,159,356,288,"Dawn-of-the-Dead"
"Day-of-the-Dead",175,108,139,232,93,162,90,156,390,289,"Day-of-the-Dead"
"Day-the-Clown-Cried,-The",163,127,121,179,136,157,98,180,367,331,"Day-the-Clown-Cried,-The"
"Day-the-Earth-Stood-Still,-The",137,140,81,202,93,126,77,186,318,344,"Day-the-Earth-Stood-Still,-The"
"Days-of-Heaven",0,1,0,0,0,0,0,1,0,1,"Days-of-Heaven"
"Dead-Poets-Society",102,129,73,121,115,112,78,150,235,290,"Dead-Poets-Society"
"Deadpoo",183,143,136,237,127,173,108,180,394,338,"Deadpoo"
"Dear-White-People",131,118,78,140,105,118,74,153,262,293,"Dear-White-People"
"Death-at-a-Funera",89,94,65,104,77,100,51,113,198,186,"Death-at-a-Funera"
"Death-to-Smoochy",144,148,115,175,131,141,94,197,334,339,"Death-to-Smoochy"
"Debt,-The",115,113,84,174,96,140,78,133,283,257,"Debt,-The"
"Deception",128,136,74,164,111,136,92,171,327,303,"Deception"
"Deep-Cover",136,109,94,163,109,144,78,172,289,272,"Deep-Cover"
"Deep-Rising",137,116,100,184,83,119,86,117,314,231,"Deep-Rising"
"Deer-Hunter,-The",147,127,103,195,109,153,90,149,343,266,"Deer-Hunter,-The"
"Defiance",142,148,108,205,116,147,80,175,351,312,"Defiance"
"Departed,-The",141,127,107,185,119,146,82,206,335,330,"Departed,-The"
"Descendants,-The",84,120,81,118,100,121,82,141,252,243,"Descendants,-The"
"Despicable-Me-2",100,111,66,138,91,82,71,119,219,226,"Despicable-Me-2"
"Detroit-Rock-City",173,151,153,222,135,159,108,197,416,336,"Detroit-Rock-City"
"Devil-in-a-Blue-Dress",111,115,79,134,90,109,70,122,250,228,"Devil-in-a-Blue-Dress"
"Devil-Wears-Prada,-The",89,107,78,102,103,90,69,143,217,271,"Devil-Wears-Prada,-The"
"Devil's-Advocate",148,140,104,167,126,144,77,204,314,320,"Devil's-Advocate"
"Die-Hard-2",137,117,90,184,102,127,83,180,310,298,"Die-Hard-2"
"Die-Hard",133,129,87,177,104,133,86,173,314,299,"Die-Hard"
"Diner",88,109,70,116,118,100,67,133,207,258,"Diner"
"Distinguished-Gentleman,-The",119,149,94,137,153,122,96,229,280,390,"Distinguished-Gentleman,-The"
"Disturbia",117,97,77,136,75,98,68,134,265,216,"Disturbia"
"Django-Unchained",188,163,131,198,149,159,102,216,381,372,"Django-Unchained"
"Do-The-Right-Thing",110,75,77,112,71,88,52,93,208,171,"Do-The-Right-Thing"
"Dog-Day-Afternoon",134,129,92,184,110,139,89,163,293,276,"Dog-Day-Afternoon"
"Dogma",181,169,132,224,161,192,103,256,434,420,"Dogma"
"Donnie-Brasco",121,104,73,135,86,112,66,134,272,230,"Donnie-Brasco"
"Doors,-The",227,197,171,280,180,219,120,232,530,433,"Doors,-The"
"Double-Indemnity",112,95,84,136,73,129,62,142,274,228,"Double-Indemnity"
"Drag-Me-to-He",107,107,97,146,95,135,79,131,273,222,"Drag-Me-to-He"
"Dragonslayer",138,137,99,202,116,154,104,160,357,303,"Dragonslayer"
"Drive-Angry",122,88,82,151,72,114,62,105,260,196,"Drive-Angry"
"Drive",114,120,61,137,106,113,77,139,249,244,"Drive"
"Drop-Dead-Gorgeous",86,119,60,112,114,101,85,133,212,246,"Drop-Dead-Gorgeous"
"Dry-White-Season,-A",172,164,128,226,137,185,102,240,393,393,"Dry-White-Season,-A"
"Duck-Soup",97,101,53,115,102,93,66,143,207,274,"Duck-Soup"
"Dumb-and-Dumber",110,113,90,141,103,127,84,139,285,266,"Dumb-and-Dumber"
"Dune",126,115,88,180,90,117,74,133,280,258,"Dune"
"E.T",86,109,64,120,85,94,65,122,203,222,"E.T"
"Eagle-Eye",165,149,97,214,112,141,104,211,361,340,"Eagle-Eye"
"Eastern-Promises",128,113,88,165,93,124,77,133,267,221,"Eastern-Promises"
"Easy-A",124,131,116,137,124,127,79,170,273,300,"Easy-A"
"Ed-TV",122,124,88,135,110,123,77,137,281,261,"Ed-TV"
"Ed-Wood",147,175,118,199,158,165,110,196,386,364,"Ed-Wood"
"Edward-Scissorhands",49,61,34,67,58,53,42,69,114,129,"Edward-Scissorhands"
"Eight-Legged-Freaks",117,92,91,167,74,99,77,100,265,202,"Eight-Legged-Freaks"
"El-Mariachi",55,62,38,71,54,53,38,77,126,126,"El-Mariachi"
"Election",123,152,87,146,137,135,95,198,300,323,"Election"
"Elephant-Man,-The",166,172,154,213,157,179,115,217,402,401,"Elephant-Man,-The"
"Elizabeth-The-Golden-Age",145,153,86,174,137,142,81,190,308,359,"Elizabeth-The-Golden-Age"
"Enemy-of-the-State",1,0,1,1,0,0,0,0,1,0,"Enemy-of-the-State"
"English-Patient,-The",133,128,95,151,121,121,87,164,278,281,"English-Patient,-The"
"Entrapmen",139,166,112,211,156,152,118,224,363,418,"Entrapmen"
"Erik-the-Viking",0,1,0,0,0,0,0,1,0,1,"Erik-the-Viking"
"Erin-Brockovic",113,127,102,133,109,132,70,149,291,280,"Erin-Brockovic"
"Escape-From-L.A",160,107,96,215,82,129,86,133,338,243,"Escape-From-L.A"
"Escape-From-New-York",54,71,35,76,46,52,38,90,119,155,"Escape-From-New-York"
"Eternal-Sunshine-of-the-Spotless-Mind",101,107,94,122,104,134,69,124,272,236,"Eternal-Sunshine-of-the-Spotless-Mind"
"Even-Cowgirls-Get-the-Blues",132,154,107,187,138,156,95,190,341,369,"Even-Cowgirls-Get-the-Blues"
"Event-Horizon",97,99,78,162,66,122,69,119,257,207,"Event-Horizon"
"Evil-Dead-II-Dead-by-Dawn",116,87,93,155,70,126,77,91,259,163,"Evil-Dead-II-Dead-by-Dawn"
"Evil-Dead",83,63,54,99,47,87,51,65,181,107,"Evil-Dead"
"Ex-Machina",73,91,49,91,65,74,65,101,175,204,"Ex-Machina"
"Excalibur",184,175,138,252,156,174,111,186,438,353,"Excalibur"
"eXistenZ",0,1,0,0,0,0,0,0,0,1,"eXistenZ"
"Extrac",98,93,61,100,80,99,63,107,209,193,"Extrac"
"Fabulous-Baker-Boys,-The",99,129,62,123,135,105,84,166,233,292,"Fabulous-Baker-Boys,-The"
"Face-Off",169,134,106,233,109,169,95,185,373,313,"Face-Off"
"Fair-Game",112,131,82,143,95,119,73,197,284,315,"Fair-Game"
"Family-Man,-The",105,156,80,126,147,110,100,180,253,317,"Family-Man,-The"
"Fantastic-Four",138,131,92,195,115,144,94,174,322,302,"Fantastic-Four"
"Fantastic-Mr-Fox",116,104,92,156,97,109,77,130,279,260,"Fantastic-Mr-Fox"
"Fargo",76,77,54,83,61,75,48,107,171,169,"Fargo"
"Fast-Times-at-Ridgemont-Hig",93,130,81,118,103,101,80,153,243,265,"Fast-Times-at-Ridgemont-Hig"
"Fatal-Instinc",188,136,123,212,116,157,100,188,409,314,"Fatal-Instinc"
"Fault-in-Our-Stars,-The",111,125,83,144,119,149,84,148,276,286,"Fault-in-Our-Stars,-The"
"Fear-and-Loathing-in-Las-Vegas",168,143,130,206,119,158,95,178,396,295,"Fear-and-Loathing-in-Las-Vegas"
"Feas",115,88,85,151,68,121,68,116,273,210,"Feas"
"Ferris-Bueller's-Day-Off",139,130,115,167,114,146,86,147,323,280,"Ferris-Bueller's-Day-Off"
"Field-of-Dreams",86,126,68,112,104,97,74,141,224,278,"Field-of-Dreams"
"Fifth-Element,-The",145,144,93,177,120,137,103,196,329,332,"Fifth-Element,-The"
"Fight-Club",155,134,111,191,124,156,96,178,357,314,"Fight-Club"
"Fighter,-The",111,105,70,110,90,94,67,127,222,202,"Fighter,-The"
"Final-Destination-2",139,121,100,203,89,157,107,144,372,256,"Final-Destination-2"
"Final-Destination",150,130,103,222,85,157,89,158,352,259,"Final-Destination"
"Finding-Nemo",48,66,38,59,63,54,41,77,120,146,"Finding-Nemo"
"Five-Easy-Pieces",84,90,62,91,103,93,52,128,197,229,"Five-Easy-Pieces"
"Flash-Gordon",156,125,99,214,101,136,99,135,326,282,"Flash-Gordon"
"Fletc",87,114,69,113,94,100,67,149,212,239,"Fletc"
"Flig",133,144,90,161,127,155,91,201,355,354,"Flig"
"Flintstones,-The",142,144,84,176,136,138,119,197,324,354,"Flintstones,-The"
"Forrest-Gump",94,122,67,118,111,93,68,153,221,249,"Forrest-Gump"
"Four-Feathers",0,2,0,0,0,0,0,1,0,1,"Four-Feathers"
"Four-Rooms",125,123,108,138,110,124,74,143,300,267,"Four-Rooms"
"Foxcatcher",86,110,56,96,98,83,62,153,195,264,"Foxcatcher"
"Fracture",149,114,80,183,86,159,80,166,330,281,"Fracture"
"Frances",171,147,115,206,143,167,110,201,397,364,"Frances"
"Frankenstein",1,1,1,2,1,2,2,2,1,2,"Frankenstein"
"Frankenweenie",0,0,1,0,0,0,0,0,1,1,"Frankenweenie"
"Freaked",161,125,141,183,118,137,97,160,379,303,"Freaked"
"Freddy-vs.-Jason",154,115,122,227,87,157,78,155,351,230,"Freddy-vs.-Jason"
"French-Connection,-The",102,99,62,121,78,102,61,112,235,217,"French-Connection,-The"
"Frequency",0,1,0,0,0,0,0,1,0,1,"Frequency"
"Friday-the-13",84,95,67,104,86,94,70,107,214,198,"Friday-the-13"
"Friday-the-13th-Part-VIII-Jason-Takes-Manhattan",157,126,111,222,101,154,97,142,373,271,"Friday-the-13th-Part-VIII-Jason-Takes-Manhattan"
"Fright-Nig",127,111,91,176,95,123,77,136,305,255,"Fright-Nig"
"Fright-Night-(1985)",132,116,99,185,95,145,74,118,316,219,"Fright-Night-(1985)"
"From-Dusk-Till-Dawn",135,110,100,165,92,118,66,144,299,228,"From-Dusk-Till-Dawn"
"From-Here-to-Eternity",202,171,133,231,149,193,119,210,415,370,"From-Here-to-Eternity"
"Frozen-(Disney)",101,127,62,134,117,102,87,145,227,271,"Frozen-(Disney)"
"Frozen-River",71,69,44,81,51,69,39,88,163,139,"Frozen-River"
"Frozen",94,74,71,124,59,102,48,97,221,169,"Frozen"
"Fruitvale-Station",75,70,42,85,63,66,44,88,148,153,"Fruitvale-Station"
"Fugitive,-The",103,115,73,160,74,106,66,156,243,258,"Fugitive,-The"
"Funny-People",121,134,82,125,123,113,84,139,250,254,"Funny-People"
"G.I.-Jane",135,137,99,169,99,131,82,190,310,327,"G.I.-Jane"
"G.I.-Joe-The-Rise-of-Cobra",175,141,114,231,102,146,99,181,355,315,"G.I.-Joe-The-Rise-of-Cobra"
"Game-6",101,108,72,134,100,116,64,142,222,252,"Game-6"
"Game,-The",148,146,106,192,118,170,109,184,378,336,"Game,-The"
"Gamer",166,129,114,206,95,163,80,143,361,284,"Gamer"
"Gandhi",242,218,156,305,191,257,136,327,556,558,"Gandhi"
"Gang-Related",109,97,76,143,69,115,60,133,239,212,"Gang-Related"
"Gangs-of-New-York",235,191,151,277,186,207,136,250,489,464,"Gangs-of-New-York"
"Garden-State",97,120,71,114,101,100,66,137,244,243,"Garden-State"
"Gattaca",153,173,123,193,124,181,96,215,392,378,"Gattaca"
"Get-Carter",84,71,64,100,63,96,48,92,211,172,"Get-Carter"
"Get-Low",91,102,70,121,87,119,64,114,228,191,"Get-Low"
"Get-on-Up",120,119,70,135,99,116,65,158,258,288,"Get-on-Up"
"Get-Ou",109,112,70,142,94,114,66,119,238,232,"Get-Ou"
"Get-Shorty",0,1,0,0,0,0,0,1,0,1,"Get-Shorty"
"Getaway,-The",110,103,79,141,77,124,77,137,282,226,"Getaway,-The"
"Ghos",141,110,95,184,106,147,96,143,315,260,"Ghos"
"Ghost-and-the-Darkness,-The",120,115,83,154,107,127,78,128,268,248,"Ghost-and-the-Darkness,-The"
"Ghost-Rider",210,127,139,267,98,202,94,147,477,273,"Ghost-Rider"
"Ghost-Ship",91,82,64,125,65,87,56,106,250,199,"Ghost-Ship"
"Ghost-World",89,123,84,106,116,117,76,151,252,288,"Ghost-World"
"Ghostbusters-2",154,129,112,188,113,142,92,183,322,319,"Ghostbusters-2"
"Ghostbusters",45,46,39,67,25,40,36,35,105,76,"Ghostbusters"
"Girl-with-the-Dragon-Tattoo,-The",75,91,54,98,73,95,52,129,189,218,"Girl-with-the-Dragon-Tattoo,-The"
"Gladiator",168,144,113,227,129,159,93,204,356,345,"Gladiator"
"Glengarry-Glen-Gross",48,56,39,53,45,51,33,77,114,122,"Glengarry-Glen-Gross"
"Go",113,102,82,139,100,109,76,152,281,244,"Go"
"Godfather-Part-II",179,181,123,208,168,177,115,281,386,449,"Godfather-Part-II"
"Godfather-Part-III,-The",136,140,73,171,111,125,86,204,296,308,"Godfather-Part-III,-The"
"Godfather",155,144,111,176,132,160,98,199,338,335,"Godfather"
"Gods-and-Monsters",133,144,97,177,132,154,88,169,343,321,"Gods-and-Monsters"
"Godzilla",132,107,75,185,66,124,85,131,310,245,"Godzilla"
"Gone-Baby-Gone",110,102,86,153,80,138,67,145,282,231,"Gone-Baby-Gone"
"Gone-in-60-Seconds",141,144,115,202,123,146,86,175,339,314,"Gone-in-60-Seconds"
"Good-Girl,-The",56,61,50,67,58,70,39,69,131,122,"Good-Girl,-The"
"Good-Will-Hunting",118,129,87,154,113,130,87,159,274,292,"Good-Will-Hunting"
"Gothika",150,133,93,195,109,157,83,182,359,306,"Gothika"
"Grabbers",106,111,100,154,95,108,79,127,292,248,"Grabbers"
"Graduate,-The",71,99,52,79,82,77,58,110,153,203,"Graduate,-The"
"Gran-Torino",111,99,100,134,88,106,68,135,249,225,"Gran-Torino"
"Grand-Hote",97,132,72,141,101,117,82,137,248,269,"Grand-Hote"
"Grand-Theft-Parsons",96,88,72,109,84,106,57,124,234,216,"Grand-Theft-Parsons"
"Grapes-of-Wrath,-The",102,107,86,132,98,123,85,142,269,245,"Grapes-of-Wrath,-The"
"Gravity",86,106,48,132,85,116,75,107,231,222,"Gravity"
"Great-Gatsby,-The",146,147,94,167,148,147,112,176,344,338,"Great-Gatsby,-The"
"Green-Mile,-The",167,141,130,207,117,164,94,175,380,290,"Green-Mile,-The"
"Gremlins-2",125,125,83,179,103,123,80,156,297,294,"Gremlins-2"
"Gremlins",93,92,62,122,89,84,56,119,216,203,"Gremlins"
"Grifters,-The",140,120,94,157,102,134,80,159,313,283,"Grifters,-The"
"Grosse-Point-Blank",101,125,63,136,105,124,71,176,260,279,"Grosse-Point-Blank"
"Groundhog-Day",124,134,83,144,122,130,87,175,274,312,"Groundhog-Day"
"Grudge,-The",68,85,66,102,57,102,55,104,220,173,"Grudge,-The"
"Guardians-of-the-Galaxy-Vol-2",160,121,119,194,117,147,93,151,349,306,"Guardians-of-the-Galaxy-Vol-2"
"Hackers",118,102,72,137,77,98,65,125,246,216,"Hackers"
"Hall-Pass",107,130,79,132,115,120,85,161,251,279,"Hall-Pass"
"Halloween-The-Curse-of-Michael-Myers",1,0,1,1,0,1,0,0,1,0,"Halloween-The-Curse-of-Michael-Myers"
"Halloween",148,120,99,193,92,139,72,152,316,268,"Halloween"
"Hancock",187,136,144,218,110,169,93,160,414,289,"Hancock"
"Hangover,-The",110,103,79,127,102,103,69,148,252,246,"Hangover,-The"
"Hanna",121,140,98,166,109,130,81,138,303,262,"Hanna"
"Hannah-and-Her-Sisters",120,136,84,143,145,147,90,181,299,334,"Hannah-and-Her-Sisters"
"Hanniba",128,144,94,189,120,157,76,191,325,346,"Hanniba"
"Happy-Birthday,-Wanda-June",119,144,105,183,128,141,86,188,297,327,"Happy-Birthday,-Wanda-June"
"Happy-Fee",96,111,67,136,98,103,70,121,242,226,"Happy-Fee"
"Hard-Rain",95,85,68,126,67,93,61,104,221,166,"Hard-Rain"
"Hard-to-Ki",163,146,94,221,115,158,103,166,340,300,"Hard-to-Ki"
"Harold-and-Kumar-Go-to-White-Castle",129,116,94,140,104,116,67,144,260,261,"Harold-and-Kumar-Go-to-White-Castle"
"Haunting,-The",160,138,113,213,105,177,104,156,372,307,"Haunting,-The"
"He's-Just-Not-That-Into-You",86,125,61,100,120,96,67,146,209,263,"He's-Just-Not-That-Into-You"
"Hea",119,117,79,165,81,122,71,148,288,252,"Hea"
"Heathers",162,143,127,180,135,162,97,161,351,320,"Heathers"
"Heavenly-Creatures",137,165,109,172,150,166,102,197,334,370,"Heavenly-Creatures"
"Heavy-Meta",0,0,0,0,0,0,0,0,0,0,"Heavy-Meta"
"Hebrew-Hammer,-The",132,129,95,148,131,113,85,179,266,309,"Hebrew-Hammer,-The"
"Heis",90,95,66,107,74,91,62,137,208,199,"Heis"
"Hellbound-Hellraiser-II",148,133,117,200,114,148,89,165,344,318,"Hellbound-Hellraiser-II"
"Hellboy-2-The-Golden-Army",174,141,121,216,106,146,103,182,376,318,"Hellboy-2-The-Golden-Army"
"Hellboy",144,117,111,218,98,141,78,153,365,301,"Hellboy"
"Hellraiser-3-Hell-on-Ear",145,134,116,195,94,158,83,149,347,266,"Hellraiser-3-Hell-on-Ear"
"Hellraiser-Deader",110,103,82,134,81,121,62,118,256,219,"Hellraiser-Deader"
"Hellraiser-Hellseeker",109,123,97,167,100,130,89,148,276,251,"Hellraiser-Hellseeker"
"Hellraiser",106,90,82,134,82,117,65,99,266,190,"Hellraiser"
"Help,-The",112,138,82,133,132,123,78,174,267,303,"Help,-The"
"Henry-Foo",152,125,127,164,115,151,82,191,350,299,"Henry-Foo"
"Henry's-Crime",94,109,68,129,106,91,63,128,206,221,"Henry's-Crime"
"Her",75,104,57,88,95,84,61,111,178,203,"Her"
"Hesher",98,89,96,132,67,121,53,94,252,179,"Hesher"
"High-Fidelity",131,125,108,146,111,150,72,148,304,290,"High-Fidelity"
"Highlander-Endgame",0,2,0,0,0,0,0,1,0,1,"Highlander-Endgame"
"Highlander",129,105,79,181,87,125,85,143,283,263,"Highlander"
"Hills-Have-Eyes,-The",123,91,95,169,77,129,64,102,294,197,"Hills-Have-Eyes,-The"
"His-Girl-Friday",132,117,100,177,109,141,75,192,312,280,"His-Girl-Friday"
"Hitchcock",134,153,103,166,140,133,92,198,317,363,"Hitchcock"
"Hitchhiker's-Guide-to-the-Galaxy,-The",144,129,103,159,116,129,85,175,326,320,"Hitchhiker's-Guide-to-the-Galaxy,-The"
"Hollow-Man",126,104,79,175,68,117,73,128,290,225,"Hollow-Man"
"Honeydripper",118,109,83,144,108,121,70,144,256,248,"Honeydripper"
"Horrible-Bosses",109,108,95,137,88,119,65,124,270,215,"Horrible-Bosses"
"Horse-Whisperer,-The",135,143,81,166,152,160,88,205,320,374,"Horse-Whisperer,-The"
"Hospital,-The",149,134,104,188,110,159,85,177,378,300,"Hospital,-The"
"Hostage",138,97,86,164,72,119,60,125,278,200,"Hostage"
"Hot-Tub-Time-Machine",104,116,84,125,108,117,77,147,237,255,"Hot-Tub-Time-Machine"
"Hotel-Rwanda",133,111,90,179,102,132,88,157,306,278,"Hotel-Rwanda"
"House-of-1000-Corpses",120,98,119,151,94,126,77,143,306,229,"House-of-1000-Corpses"
"How-to-Train-Your-Dragon-2",141,123,84,199,106,108,96,151,310,274,"How-to-Train-Your-Dragon-2"
"How-to-Train-Your-Dragon",166,116,97,199,93,130,85,122,348,248,"How-to-Train-Your-Dragon"
"Hudson-Hawk",160,154,122,183,136,132,105,183,342,344,"Hudson-Hawk"
"Hudsucker-Proxy,-The",127,148,97,166,118,143,92,187,327,336,"Hudsucker-Proxy,-The"
"Human-Nature",119,126,115,135,139,122,94,176,284,313,"Human-Nature"
"Hunt-for-Red-October,-The",128,119,84,188,90,114,87,169,314,283,"Hunt-for-Red-October,-The"
"Hurt-Locker,-The",137,108,92,173,90,128,83,130,300,249,"Hurt-Locker,-The"
"I-Am-Number-Four",160,132,103,226,96,154,97,138,368,271,"I-Am-Number-Four"
"I-am-Sa",113,134,78,143,119,125,82,177,253,300,"I-am-Sa"
"I-Love-You-Phillip-Morris",103,127,83,136,119,122,67,171,251,292,"I-Love-You-Phillip-Morris"
"I-Spit-on-Your-Grave",118,96,103,156,81,120,79,111,308,216,"I-Spit-on-Your-Grave"
"I-Still-Know-What-You-Did-Last-Summer",89,99,71,137,91,106,64,121,241,227,"I-Still-Know-What-You-Did-Last-Summer"
"I,-Robo",106,94,70,163,72,121,66,152,275,255,"I,-Robo"
"I",162,125,130,208,100,152,93,144,377,273,"I"
"I'll-Do-Anything",143,142,103,163,118,150,93,170,302,320,"I'll-Do-Anything"
"Ice-Storm,-The",105,114,78,118,111,112,78,160,259,275,"Ice-Storm,-The"
"Ides-of-March,-The",73,93,45,92,74,83,58,123,176,193,"Ides-of-March,-The"
"Imaginarium-of-Doctor-Parnassus,-The",148,145,119,198,145,164,105,168,345,352,"Imaginarium-of-Doctor-Parnassus,-The"
"In-the-Bedroo",105,110,87,141,102,122,78,155,261,255,"In-the-Bedroo"
"In-the-Loop",116,114,91,127,82,117,56,144,279,265,"In-the-Loop"
"Inception",136,116,80,174,89,141,89,164,306,252,"Inception"
"Incredibles,-The",68,84,41,96,75,72,63,105,167,195,"Incredibles,-The"
"Independence-Day",0,1,0,0,0,0,0,1,0,2,"Independence-Day"
"Indiana-Jones-and-the-Last-Crusade",135,143,91,196,112,124,108,172,295,312,"Indiana-Jones-and-the-Last-Crusade"
"Indiana-Jones-and-the-Raiders-of-the-Lost-Ark",162,143,109,208,115,130,100,181,350,334,"Indiana-Jones-and-the-Raiders-of-the-Lost-Ark"
"Indiana-Jones-and-the-Temple-of-Doo",172,150,140,262,118,180,118,147,427,291,"Indiana-Jones-and-the-Temple-of-Doo"
"Indiana-Jones-IV",180,168,125,235,163,177,125,202,418,402,"Indiana-Jones-IV"
"Informant,-The",142,136,104,187,116,129,78,209,322,332,"Informant,-The"
"Inglourious-Basterds",181,158,119,228,143,173,97,218,389,410,"Inglourious-Basterds"
"Insider,-The",136,146,70,161,101,128,72,196,285,313,"Insider,-The"
"Insidious",118,97,101,153,87,126,74,130,307,224,"Insidious"
"Insomnia",111,105,84,140,88,126,70,132,276,235,"Insomnia"
"Interstellar",127,136,79,180,110,141,87,178,314,340,"Interstellar"
"Interview-with-the-Vampire",128,137,121,184,122,170,82,149,325,284,"Interview-with-the-Vampire"
"Into-the-Wild",142,199,107,203,161,159,109,210,365,399,"Into-the-Wild"
"Into-the-Woods",125,121,94,153,117,133,79,125,289,245,"Into-the-Woods"
"Intolerable-Cruelty",130,147,80,152,137,128,83,173,277,306,"Intolerable-Cruelty"
"Inventing-the-Abbotts",108,108,75,114,106,116,76,136,236,254,"Inventing-the-Abbotts"
"Invention-of-Lying,-The",97,110,84,129,101,127,68,127,245,244,"Invention-of-Lying,-The"
"Invictus",156,158,100,184,136,139,91,213,340,366,"Invictus"
"Iron-Lady,-The",134,139,85,175,129,138,101,198,305,332,"Iron-Lady,-The"
"Island,-The",207,198,141,279,129,219,133,220,525,416,"Island,-The"
"It-Happened-One-Nig",146,177,108,167,165,160,114,205,369,386,"It-Happened-One-Nig"
"It's-a-Wonderful-Life",129,149,91,161,152,136,99,193,307,321,"It's-a-Wonderful-Life"
"It's-Complicated",72,98,60,84,90,85,61,123,189,216,"It's-Complicated"
"Italian-Job,-The",108,119,79,152,85,100,72,142,257,239,"Italian-Job,-The"
"Jacket,-The",143,119,92,200,96,168,79,151,347,266,"Jacket,-The"
"Jackie-Brown",100,106,67,123,81,98,62,145,235,233,"Jackie-Brown"
"Jacob's-Ladder",194,171,125,257,155,190,122,202,417,376,"Jacob's-Ladder"
"Jane-Eyre",183,183,174,241,188,239,101,214,462,409,"Jane-Eyre"
"Jason-X",118,96,88,153,71,116,66,118,274,220,"Jason-X"
"Jaws-2",138,133,93,194,112,141,100,158,330,284,"Jaws-2"
"Jaws",162,157,120,234,130,169,109,189,421,361,"Jaws"
"Jay-and-Silent-Bob-Strike-Back",140,110,96,150,90,106,79,153,300,257,"Jay-and-Silent-Bob-Strike-Back"
"Jennifer-Eig",170,161,144,222,119,178,104,208,401,348,"Jennifer-Eig"
"Jennifer's-Body",168,134,134,221,128,175,88,171,392,310,"Jennifer's-Body"
"Jerry-Maguire",133,165,88,165,163,143,94,209,304,374,"Jerry-Maguire"
"Jeux-Interdits",30,24,12,23,16,20,13,18,48,56,"Jeux-Interdits"
"JFK",244,201,172,302,162,227,128,315,549,497,"JFK"
"Jimmy-and-Judy",140,128,99,157,104,125,84,144,310,261,"Jimmy-and-Judy"
"John-Q",0,1,1,0,0,0,0,1,1,1,"John-Q"
"John-Wick",96,83,59,124,82,104,59,118,214,221,"John-Wick"
"Joker",115,106,85,142,88,134,64,127,288,223,"Joker"
"Judge-Dredd",172,135,93,232,112,169,89,207,363,328,"Judge-Dredd"
"Juno",105,127,92,127,132,115,87,154,260,281,"Juno"
"Jurassic-Park-III",0,1,0,0,0,0,0,1,0,2,"Jurassic-Park-III"
"Jurassic-Park-The-Lost-World",175,126,126,229,113,173,108,168,414,327,"Jurassic-Park-The-Lost-World"
"Jurassic-Park",168,161,109,211,130,153,112,165,387,326,"Jurassic-Park"
"Kafka",151,140,132,231,106,188,96,171,394,314,"Kafka"
"Kalifornia",136,113,99,162,102,133,82,137,308,240,"Kalifornia"
"Kids-Are-All-Right,-The",90,101,69,92,95,101,55,110,222,216,"Kids-Are-All-Right,-The"
"Kids",75,83,65,82,81,77,52,87,190,174,"Kids"
"Kill-Your-Darlings",107,107,75,138,93,112,75,136,249,237,"Kill-Your-Darlings"
"Killing-Zoe",80,75,60,103,77,85,52,100,200,171,"Killing-Zoe"
"King-Kong",147,135,120,226,99,146,90,137,404,277,"King-Kong"
"King-of-Comedy,-The",92,135,61,103,138,95,83,175,220,315,"King-of-Comedy,-The"
"King's-Speech,-The",134,163,107,181,140,163,99,229,347,398,"King's-Speech,-The"
"Kingdom,-The",173,136,104,231,102,150,99,199,360,326,"Kingdom,-The"
"Klute",108,135,83,146,117,129,91,164,290,299,"Klute"
"Knocked-Up",97,105,80,108,99,101,73,113,208,210,"Knocked-Up"
"Kramer-vs-Kramer",111,119,78,136,102,122,78,162,257,259,"Kramer-vs-Kramer"
"Kundun",122,129,77,163,113,132,80,191,272,320,"Kundun"
"Kung-Fu-Panda",100,86,56,109,79,88,67,103,213,184,"Kung-Fu-Panda"
"L.A.-Confidentia",160,145,114,184,116,142,88,206,358,314,"L.A.-Confidentia"
"La-La-Land",88,102,45,91,105,85,60,113,176,214,"La-La-Land"
"Labor-of-Love",125,152,90,180,132,134,96,179,310,311,"Labor-of-Love"
"Labyrin",123,111,78,157,111,126,76,110,302,253,"Labyrin"
"Ladykillers,-The",137,138,112,161,137,146,95,206,344,367,"Ladykillers,-The"
"Lake-Placid",108,88,80,132,73,113,62,115,247,192,"Lake-Placid"
"Land-of-the-Dead",118,107,84,156,84,122,66,122,285,220,"Land-of-the-Dead"
"Larry-Crowne",110,126,83,129,121,107,89,174,255,307,"Larry-Crowne"
"Last-Boy-Scout,-The",183,155,124,215,133,168,104,183,405,328,"Last-Boy-Scout,-The"
"Last-Chance-Harvey",47,88,40,53,85,61,50,102,135,185,"Last-Chance-Harvey"
"Last-Flight,-The",110,104,62,128,105,120,75,141,256,265,"Last-Flight,-The"
"Last-of-the-Mohicans,-The",184,132,104,231,115,161,93,199,369,327,"Last-of-the-Mohicans,-The"
"Last-Samurai,-The",196,167,117,230,143,154,108,234,411,423,"Last-Samurai,-The"
"Last-Station,-The",118,144,85,125,129,127,74,187,267,309,"Last-Station,-The"
"Last-Tango-in-Paris",92,92,75,104,100,92,53,120,209,225,"Last-Tango-in-Paris"
"Law-Abiding-Citizen",152,124,111,205,90,164,87,185,375,298,"Law-Abiding-Citizen"
"Le-Diable-par-la-Queue",41,32,22,42,15,29,20,35,74,65,"Le-Diable-par-la-Queue"
"Leaving-Las-Vegas",0,0,0,0,0,0,0,0,0,0,"Leaving-Las-Vegas"
"Legally-Blonde",115,143,79,121,135,104,79,182,251,319,"Legally-Blonde"
"Legend",189,188,150,280,176,203,124,195,465,380,"Legend"
"Legion",153,127,107,215,98,149,96,136,355,248,"Legion"
"LEGO-Movie,-The",112,108,65,145,103,110,76,161,239,273,"LEGO-Movie,-The"
"Les-Miserables",174,172,144,228,161,191,101,212,393,363,"Les-Miserables"
"Les-Tontons-Flingueurs",35,37,21,38,17,24,21,39,79,75,"Les-Tontons-Flingueurs"
"Leviathan",111,110,94,161,84,119,81,137,300,242,"Leviathan"
"Liar-Liar",131,127,90,151,106,144,85,171,273,268,"Liar-Liar"
"Life-As-A-House",0,1,0,0,0,0,0,1,0,1,"Life-As-A-House"
"Life-of-David-Gale,-The",115,131,82,137,101,123,68,175,275,297,"Life-of-David-Gale,-The"
"Life-of-Pi",101,121,73,158,114,120,74,145,287,284,"Life-of-Pi"
"Life",156,147,103,172,139,150,83,190,331,332,"Life"
"Light-Sleeper",92,97,63,116,82,96,61,122,221,210,"Light-Sleeper"
"Limey,-The",120,129,78,156,107,121,88,171,290,296,"Limey,-The"
"Limitless",122,112,94,158,100,130,76,159,305,294,"Limitless"
"Lincoln-Lawyer,-The",137,112,92,155,85,121,65,148,278,248,"Lincoln-Lawyer,-The"
"Lincoln",198,178,146,242,148,199,95,252,463,410,"Lincoln"
"Little-Athens",116,101,98,122,81,122,53,122,259,207,"Little-Athens"
"Little-Men",69,94,48,76,88,77,53,121,160,226,"Little-Men"
"Little-Mermaid,-The",62,79,43,78,66,75,54,64,147,140,"Little-Mermaid,-The"
"Little-Nicky",110,112,90,137,96,106,68,121,248,222,"Little-Nicky"
"Living-in-Oblivion",78,82,56,83,72,95,57,86,188,180,"Living-in-Oblivion"
"Lock,-Stock-and-Two-Smoking-Barrels",109,98,81,134,76,107,62,111,254,218,"Lock,-Stock-and-Two-Smoking-Barrels"
"Logan",158,136,100,223,104,166,90,156,379,285,"Logan"
"Logan's-Run",114,120,64,161,105,116,82,127,266,257,"Logan's-Run"
"Lone-Star",119,110,77,132,85,132,69,166,265,256,"Lone-Star"
"Long-Kiss-Goodnight,-The",186,136,141,261,121,185,112,193,466,319,"Long-Kiss-Goodnight,-The"
"Looper",130,105,91,164,91,126,81,130,295,221,"Looper"
"Lord-of-Illusions",134,120,102,192,86,147,87,112,310,228,"Lord-of-Illusions"
"Lord-of-the-Rings-Fellowship-of-the-Ring,-The",155,136,109,232,119,160,90,149,375,292,"Lord-of-the-Rings-Fellowship-of-the-Ring,-The"
"Lord-of-the-Rings-Return-of-the-King",114,91,79,155,65,102,61,100,241,174,"Lord-of-the-Rings-Return-of-the-King"
"Lord-of-the-Rings-The-Two-Towers",121,98,80,181,79,129,66,122,276,218,"Lord-of-the-Rings-The-Two-Towers"
"Lord-of-War",159,159,107,205,130,149,98,216,373,368,"Lord-of-War"
"Losers,-The",139,112,86,165,78,127,80,158,294,242,"Losers,-The"
"Lost-Highway",100,81,76,140,64,100,68,105,227,177,"Lost-Highway"
"Lost-Horizon",138,152,92,188,142,152,108,190,336,348,"Lost-Horizon"
"Lost-in-Space",133,112,85,187,103,132,78,163,316,303,"Lost-in-Space"
"Lost-in-Translation",47,93,29,56,94,61,54,96,120,177,"Lost-in-Translation"
"Love-and-Basketba",95,97,73,97,93,90,64,117,205,202,"Love-and-Basketba"
"Machete",113,99,83,155,78,102,61,138,227,216,"Machete"
"Machine-Gun-Preacher",135,123,101,196,123,160,76,167,340,282,"Machine-Gun-Preacher"
"Mad-Max-2-The-Road-Warrior",118,83,77,154,52,96,65,94,244,175,"Mad-Max-2-The-Road-Warrior"
"Made",101,109,78,118,86,88,56,119,219,225,"Made"
"Magnolia",132,127,96,155,106,140,91,167,291,285,"Magnolia"
"Majestic,-The-(The-Bijou)",95,144,74,134,129,122,94,204,253,331,"Majestic,-The-(The-Bijou)"
"Major-League",104,116,64,127,106,104,74,141,256,259,"Major-League"
"Malcolm-X",185,159,130,221,157,173,98,237,374,421,"Malcolm-X"
"Malibu's-Most-Wanted",130,104,82,147,93,109,72,139,257,230,"Malibu's-Most-Wanted"
"Man-in-the-Iron-Mask",164,149,118,227,153,167,107,206,386,365,"Man-in-the-Iron-Mask"
"Man-On-Fire",135,132,94,186,119,144,81,207,321,333,"Man-On-Fire"
"Man-on-the-Moon",186,163,124,207,154,172,107,203,383,355,"Man-on-the-Moon"
"Man-Trouble",165,140,105,183,113,166,83,184,334,310,"Man-Trouble"
"Man-Who-Knew-Too-Much,-The",128,153,77,156,125,140,102,189,303,330,"Man-Who-Knew-Too-Much,-The"
"Man-Who-Wasn't-There,-The",103,107,73,128,92,107,68,152,243,257,"Man-Who-Wasn't-There,-The"
"Manchurian-Candidate,-The",172,161,113,221,145,175,110,240,396,414,"Manchurian-Candidate,-The"
"Manhattan-Murder-Mystery",79,105,70,115,82,107,68,135,223,236,"Manhattan-Murder-Mystery"
"Manhunter",127,132,92,159,96,110,81,159,286,268,"Manhunter"
"Margare",150,128,97,156,112,152,82,171,315,310,"Margare"
"Margin-Ca",62,82,48,82,70,79,46,117,152,190,"Margin-Ca"
"Margot-at-the-Wedding",94,81,88,111,80,100,57,116,221,187,"Margot-at-the-Wedding"
"Mariachi,-E",56,63,38,72,54,53,38,77,126,127,"Mariachi,-E"
"Martha-Marcy-May-Marlene",67,77,42,73,70,55,42,81,141,151,"Martha-Marcy-May-Marlene"
"Martian,-The",101,114,70,132,91,115,77,149,250,277,"Martian,-The"
"Marty",80,90,64,113,79,108,55,109,203,190,"Marty"
"Mary-Poppins",161,151,123,204,119,148,108,173,391,297,"Mary-Poppins"
"Master-and-Commander",150,142,99,216,125,165,96,192,369,345,"Master-and-Commander"
"Master,-The",126,132,87,147,112,108,74,171,273,288,"Master,-The"
"Matrix-Reloaded,-The",139,106,87,176,85,131,71,144,290,255,"Matrix-Reloaded,-The"
"Matrix,-The",136,99,101,184,75,124,68,160,308,252,"Matrix,-The"
"Max-Payne",155,121,102,239,85,176,90,147,384,256,"Max-Payne"
"Mean-Streets",99,112,64,128,101,106,74,137,239,230,"Mean-Streets"
"Mechanic,-The",146,147,97,203,123,166,92,195,349,330,"Mechanic,-The"
"Meet-Joe-Black",111,177,74,164,145,128,98,201,270,386,"Meet-Joe-Black"
"Meet-John-Doe",136,153,95,158,130,138,95,187,319,330,"Meet-John-Doe"
"Megamind",157,147,113,192,133,147,88,189,355,342,"Megamind"
"Memento",108,101,83,143,80,134,63,138,298,231,"Memento"
"Men-in-Black-3",139,114,97,159,99,109,80,141,290,271,"Men-in-Black-3"
"Men-in-Black",143,127,116,189,104,125,87,150,326,290,"Men-in-Black"
"Men-Who-Stare-at-Goats,-The",133,119,95,182,106,154,87,160,314,286,"Men-Who-Stare-at-Goats,-The"
"Metro",127,131,88,170,99,120,79,165,297,277,"Metro"
"Miami-Vice",110,118,70,158,90,94,65,144,266,259,"Miami-Vice"
"Midnight-Cowboy",144,129,114,181,134,161,96,171,357,316,"Midnight-Cowboy"
"Midnight-Express",178,131,147,237,102,182,96,178,474,305,"Midnight-Express"
"Midnight-in-Paris",77,102,48,87,105,88,61,112,187,247,"Midnight-in-Paris"
"Mighty-Joe-Young",155,153,95,205,125,145,95,174,350,324,"Mighty-Joe-Young"
"Mighty-Morphin-Power-Rangers-The-Movie",137,97,90,177,89,99,72,119,275,234,"Mighty-Morphin-Power-Rangers-The-Movie"
"Milk",157,152,97,170,137,147,95,191,317,344,"Milk"
"Miller's-Crossing",119,103,90,150,81,123,80,130,294,216,"Miller's-Crossing"
"Mimic",127,100,110,165,78,132,70,138,325,238,"Mimic"
"Mini's-First-Time",130,132,81,164,119,143,88,178,308,310,"Mini's-First-Time"
"Minority-Repor",0,0,0,0,0,0,0,0,1,0,"Minority-Repor"
"Miracle-Worker,-The",32,32,28,36,33,35,31,40,84,73,"Miracle-Worker,-The"
"Mirrors",152,120,109,216,84,161,92,143,337,240,"Mirrors"
"Misery",118,119,76,155,120,124,85,145,247,253,"Misery"
"Mission-Impossible-II",121,117,73,177,78,126,81,159,301,293,"Mission-Impossible-II"
"Mission-Impossible",91,104,69,136,72,107,60,139,239,227,"Mission-Impossible"
"Mission-to-Mars",133,163,91,198,133,161,103,179,345,341,"Mission-to-Mars"
"Moneyba",108,140,70,129,118,126,84,169,257,310,"Moneyba"
"Monkeybone",135,146,111,198,121,143,114,172,370,319,"Monkeybone"
"Monte-Carlo",101,132,71,122,131,113,89,159,248,314,"Monte-Carlo"
"Moon",102,118,77,124,94,105,73,125,235,242,"Moon"
"Moonrise-Kingdo",143,120,94,169,90,134,87,157,305,276,"Moonrise-Kingdo"
"Moonstruck",88,115,64,106,111,110,74,134,211,242,"Moonstruck"
"Mr-Blandings-Builds-His-Dream-House",97,139,74,112,115,112,85,178,269,329,"Mr-Blandings-Builds-His-Dream-House"
"Mr-Brooks",106,121,83,148,109,115,79,159,248,255,"Mr-Brooks"
"Mr-Deeds-Goes-to-Town",136,155,88,158,133,141,97,203,321,328,"Mr-Deeds-Goes-to-Town"
"Mrs.-Brown",104,116,66,111,115,107,66,161,239,295,"Mrs.-Brown"
"Mud",101,101,73,126,76,107,64,134,248,200,"Mud"
"Mulan",91,104,56,117,85,80,73,121,207,226,"Mulan"
"Mulholland-Drive",81,99,77,121,80,94,67,111,206,196,"Mulholland-Drive"
"Mumford",158,163,116,164,150,149,102,205,342,363,"Mumford"
"Mummy,-The",173,109,136,221,88,152,89,136,373,237,"Mummy,-The"
"Music-of-the-Hear",96,129,70,124,119,120,67,150,231,294,"Music-of-the-Hear"
"Mute-Witness",77,70,54,112,49,75,43,89,162,153,"Mute-Witness"
"My-Best-Friend's-Wedding",167,176,132,195,174,166,114,212,383,412,"My-Best-Friend's-Wedding"
"My-Gir",70,99,54,96,90,98,58,114,161,197,"My-Gir"
"My-Mother-Dreams-the-Satan's-Disciples-in-New-York",59,61,38,73,50,58,45,62,135,119,"My-Mother-Dreams-the-Satan's-Disciples-in-New-York"
"My-Week-with-Marilyn",138,167,109,178,184,161,110,223,349,422,"My-Week-with-Marilyn"
"Mystery-Men",0,1,0,0,0,0,1,0,0,0,"Mystery-Men"
"Napoleon-Dynamite",19,24,10,20,15,11,11,28,34,44,"Napoleon-Dynamite"
"Nashville",74,100,50,82,83,80,63,126,167,187,"Nashville"
"Natural-Born-Killers",149,134,93,186,102,120,82,180,298,303,"Natural-Born-Killers"
"Never-Been-Kissed",0,1,0,0,0,0,0,1,0,1,"Never-Been-Kissed"
"Neverending-Story,-The",0,0,0,0,0,0,0,0,0,1,"Neverending-Story,-The"
"New-York-Minute",99,108,78,132,81,115,71,131,272,246,"New-York-Minute"
"Newsies",159,139,99,172,131,123,92,167,317,303,"Newsies"
"Nex",163,160,97,210,117,150,109,189,348,303,"Nex"
"Next-Friday",75,83,53,90,61,80,43,82,167,141,"Next-Friday"
"Next-Three-Days,-The",104,100,70,135,84,112,66,141,246,225,"Next-Three-Days,-The"
"Ni-vu-ni-connu",22,30,18,26,20,21,11,35,55,69,"Ni-vu-ni-connu"
"Nick-of-Time",101,91,59,118,74,97,61,128,225,216,"Nick-of-Time"
"Night-Time-(The-Poltergeist-Treatment)",74,79,52,106,68,68,47,97,174,170,"Night-Time-(The-Poltergeist-Treatment)"
"Nightbreed",167,129,115,235,111,173,93,160,372,290,"Nightbreed"
"Nightmare-Before-Christmas,-The",53,80,50,74,85,66,65,89,142,157,"Nightmare-Before-Christmas,-The"
"Nightmare-on-Elm-Street-The-Final-Chapter",155,103,118,195,86,155,97,122,337,219,"Nightmare-on-Elm-Street-The-Final-Chapter"
"Nightmare-on-Elm-Street,-A",151,115,117,225,86,162,84,150,370,246,"Nightmare-on-Elm-Street,-A"
"Nine",93,131,66,124,128,113,78,150,227,301,"Nine"
"Nines,-The",76,97,64,105,82,86,55,126,197,209,"Nines,-The"
"Ninja-Assassin",131,109,84,182,82,130,72,150,290,248,"Ninja-Assassin"
"Ninotchka",137,159,88,147,161,138,109,217,302,401,"Ninotchka"
"Ninth-Gate,-The",81,85,60,113,56,98,44,120,218,189,"Ninth-Gate,-The"
"No-Strings-Attached",83,99,80,92,93,96,55,113,204,202,"No-Strings-Attached"
"Notting-Hi",84,106,79,112,108,99,71,134,207,244,"Notting-Hi"
"Nurse-Betty",0,1,1,0,0,0,0,2,1,2,"Nurse-Betty"
"Oblivion",120,110,77,163,90,136,71,131,295,259,"Oblivion"
"Observe-and-Repor",129,112,87,148,99,105,68,170,266,282,"Observe-and-Repor"
"Obsessed",111,116,74,133,109,118,79,125,251,224,"Obsessed"
"Ocean's-Eleven",130,127,75,167,99,116,82,162,282,294,"Ocean's-Eleven"
"Ocean's-Twelve",88,109,74,121,98,97,64,165,240,293,"Ocean's-Twelve"
"Office-Space",55,59,44,65,58,64,40,79,136,131,"Office-Space"
"Omega-Man",0,0,0,0,0,0,0,0,0,1,"Omega-Man"
"One-Flew-Over-the-Cuckoo's-Nes",99,106,71,137,97,102,77,149,242,242,"One-Flew-Over-the-Cuckoo's-Nes"
"Only-God-Forgives",106,106,70,135,87,105,66,118,233,207,"Only-God-Forgives"
"Ordinary-People",76,83,55,82,89,89,57,120,180,199,"Ordinary-People"
"Orgy-of-the-Dead",0,0,0,0,0,0,0,0,0,0,"Orgy-of-the-Dead"
"Orphan",149,138,110,193,119,170,98,170,364,279,"Orphan"
"Other-Boleyn-Girl,-The",149,162,109,186,147,172,89,209,341,367,"Other-Boleyn-Girl,-The"
"Out-of-Sig",112,105,89,144,79,105,64,122,259,215,"Out-of-Sig"
"Pacifier,-The",138,129,91,176,114,113,94,163,303,279,"Pacifier,-The"
"Pandoru",148,105,92,213,73,152,79,115,356,234,"Pandoru"
"Panic-Roo",120,92,74,140,62,107,66,98,262,178,"Panic-Roo"
"ParaNorman",165,129,126,212,95,160,84,131,407,248,"ParaNorman"
"Paria",92,109,76,104,107,94,68,122,219,234,"Paria"
"Passengers",114,134,79,166,121,150,94,142,307,300,"Passengers"
"Passion-of-Joan-of-Arc,-The",135,123,97,174,110,145,67,178,291,303,"Passion-of-Joan-of-Arc,-The"
"Patriot,-The",154,150,94,202,121,167,96,198,349,336,"Patriot,-The"
"Pau",110,121,83,153,116,119,81,151,269,291,"Pau"
"Pearl-Harbor",0,0,0,0,0,0,0,1,0,0,"Pearl-Harbor"
"Peeping-To",80,111,56,111,92,91,76,118,187,227,"Peeping-To"
"Peggy-Sue-Got-Married",118,163,88,139,151,135,98,193,291,353,"Peggy-Sue-Got-Married"
"Perfect-Creature",126,113,111,182,89,123,77,149,314,248,"Perfect-Creature"
"Perfect-World,-A",122,146,93,169,105,122,91,165,294,288,"Perfect-World,-A"
"Perks-of-Being-a-Wallflower,-The",104,132,74,122,133,111,86,136,241,265,"Perks-of-Being-a-Wallflower,-The"
"Pet-Sematary-II",140,136,120,214,98,158,98,156,370,256,"Pet-Sematary-II"
"Pet-Sematary",121,111,120,171,102,150,75,131,336,259,"Pet-Sematary"
"Petulia",108,134,93,147,141,141,96,174,301,315,"Petulia"
"Philadelphia",133,157,102,183,136,150,84,220,321,360,"Philadelphia"
"Phone-Boo",143,91,92,147,68,113,65,125,281,217,"Phone-Boo"
"Pi",84,82,53,91,72,72,54,106,182,193,"Pi"
"Pianist,-The",118,102,96,159,94,127,79,140,298,227,"Pianist,-The"
"Piano,-The",123,124,90,165,119,147,77,148,312,288,"Piano,-The"
"Pineapple-Express",117,108,75,145,86,118,72,126,260,213,"Pineapple-Express"
"Pirates-of-the-Caribbean-Dead-Man's-Ches",104,102,84,133,85,108,62,141,246,225,"Pirates-of-the-Caribbean-Dead-Man's-Ches"
"Pirates-of-the-Caribbean",158,131,106,195,116,154,96,184,352,318,"Pirates-of-the-Caribbean"
"Pitch-Black",112,99,76,150,77,115,79,127,278,225,"Pitch-Black"
"Planet-of-the-Apes,-The",0,0,0,0,0,0,0,0,0,0,"Planet-of-the-Apes,-The"
"Platinum-Blonde",137,127,91,138,131,138,91,164,318,288,"Platinum-Blonde"
"Platoon",124,132,95,147,139,133,95,173,279,298,"Platoon"
"Point-Break",179,138,112,222,119,143,97,179,370,334,"Point-Break"
"Pokemon-Mewtwo-Returns",46,42,22,59,31,46,30,50,93,91,"Pokemon-Mewtwo-Returns"
"Postman,-The",160,145,113,211,112,157,85,188,382,320,"Postman,-The"
"Power-of-One,-The",159,196,108,225,153,167,107,228,380,391,"Power-of-One,-The"
"Precious",102,107,87,128,96,116,71,143,241,252,"Precious"
"Predator",155,103,104,209,74,126,85,132,348,225,"Predator"
"Prestige,-The",122,130,90,176,124,137,95,173,307,305,"Prestige,-The"
"Pretty-Woman-(final-script)",85,115,58,102,111,94,77,166,215,282,"Pretty-Woman-(final-script)"
"Pretty-Woman",91,116,74,115,118,108,67,152,241,288,"Pretty-Woman"
"Pride-and-Prejudice",138,161,96,163,168,159,113,214,356,393,"Pride-and-Prejudice"
"Pries",175,118,127,232,97,156,74,171,402,264,"Pries"
"Princess-Bride,-The",119,133,94,174,106,142,78,145,294,257,"Princess-Bride,-The"
"Private-Life-of-Sherlock-Holmes,-The",132,153,100,185,119,158,93,206,343,354,"Private-Life-of-Sherlock-Holmes,-The"
"Producer,-The",134,108,99,155,102,125,72,131,281,272,"Producer,-The"
"Program,-The",144,145,102,169,119,136,86,193,323,315,"Program,-The"
"Prom-Nig",101,90,66,120,88,106,74,96,217,202,"Prom-Nig"
"Prometheus",165,141,127,246,101,171,98,170,401,333,"Prometheus"
"Prophecy,-The",164,125,139,206,107,182,86,169,391,283,"Prophecy,-The"
"Proposal,-The",122,124,90,136,111,124,73,152,281,281,"Proposal,-The"
"Psycho",138,112,107,173,96,169,80,151,344,261,"Psycho"
"Public-Enemies",141,132,95,177,102,134,80,180,312,290,"Public-Enemies"
"Pulp-Fiction",136,110,106,165,104,126,75,158,302,261,"Pulp-Fiction"
"Punch-Drunk-Love",0,1,0,0,1,0,0,1,0,3,"Punch-Drunk-Love"
"Purple-Rain",120,131,78,151,127,114,85,146,270,287,"Purple-Rain"
"Quantum-Projec",55,62,23,63,44,48,43,62,112,113,"Quantum-Projec"
"Queen-of-the-Damned",136,151,105,216,149,163,104,165,348,341,"Queen-of-the-Damned"
"Queen,-The",111,115,60,133,94,117,68,173,235,266,"Queen,-The"
"Rachel-Getting-Married",104,134,80,140,130,121,91,165,265,306,"Rachel-Getting-Married"
"Raging-Bu",107,103,66,113,97,98,68,127,219,215,"Raging-Bu"
"Raising-Arizona",138,118,93,163,93,122,73,141,290,257,"Raising-Arizona"
"Rambling-Rose",161,150,138,202,130,196,89,182,402,333,"Rambling-Rose"
"Rambo-First-Blood-II-The-Mission",83,96,62,110,91,91,65,123,188,229,"Rambo-First-Blood-II-The-Mission"
"Real-Genius",0,0,1,0,0,0,0,2,1,2,"Real-Genius"
"Rear-Window",142,157,103,176,133,157,109,174,336,349,"Rear-Window"
"Rebel-Without-A-Cause",122,109,79,163,99,125,81,133,283,227,"Rebel-Without-A-Cause"
"Red-Plane",0,0,1,0,0,0,0,1,1,0,"Red-Plane"
"Red-Riding-Hood",156,129,120,206,98,146,78,161,356,255,"Red-Riding-Hood"
"Reindeer-Games",141,123,91,151,103,119,75,143,298,231,"Reindeer-Games"
"Relic,-The",148,133,127,237,107,154,98,170,367,318,"Relic,-The"
"Remember-Me",115,112,78,137,101,119,78,141,274,262,"Remember-Me"
"Replacements,-The",123,114,83,132,103,118,65,154,253,270,"Replacements,-The"
"Repo-Man",71,59,55,86,59,66,47,99,176,162,"Repo-Man"
"Rescuers-Down-Under,-The",57,74,45,81,60,63,51,86,133,141,"Rescuers-Down-Under,-The"
"Reservoir-Dogs",97,80,60,113,69,84,53,112,198,170,"Reservoir-Dogs"
"Resident-Evi",1,1,1,1,0,1,0,1,1,2,"Resident-Evi"
"Return-of-the-Apes",0,0,0,0,0,0,0,0,0,0,"Return-of-the-Apes"
"Revenant,-The",125,87,91,173,64,125,65,106,290,171,"Revenant,-The"
"Revolutionary-Road",93,98,73,110,98,109,69,118,215,229,"Revolutionary-Road"
"Ringu",71,79,56,106,48,95,56,93,205,156,"Ringu"
"Rise-of-the-Guardians",118,121,72,153,109,117,94,117,280,238,"Rise-of-the-Guardians"
"Rise-of-the-Planet-of-the-Apes",135,111,85,188,92,124,89,143,289,237,"Rise-of-the-Planet-of-the-Apes"
"RKO-281",142,140,115,185,136,149,85,176,355,337,"RKO-281"
"Road,-The",115,89,98,144,68,137,59,94,290,197,"Road,-The"
"Robin-Hood-Prince-of-Thieves",232,169,174,303,147,204,112,208,493,374,"Robin-Hood-Prince-of-Thieves"
"Rock,-The",151,120,108,206,87,127,79,174,333,293,"Rock,-The"
"RocknRolla",112,93,85,133,89,125,65,129,274,227,"RocknRolla"
"Rocky-Horror-Picture-Show,-The",107,113,70,145,113,113,80,131,232,257,"Rocky-Horror-Picture-Show,-The"
"Rocky",130,118,105,162,107,140,76,147,303,283,"Rocky"
"Ronin",146,119,98,189,97,123,88,150,297,290,"Ronin"
"Roo",105,102,74,141,90,121,69,132,253,222,"Roo"
"Roommate,-The",89,94,56,112,101,97,73,117,240,223,"Roommate,-The"
"Roughshod",98,94,61,114,81,100,63,111,244,201,"Roughshod"
"Ruins,-The",109,89,83,137,81,125,74,101,296,187,"Ruins,-The"
"Runaway-Bride",125,152,84,134,153,121,88,186,275,345,"Runaway-Bride"
"Rus",146,155,100,179,141,156,106,184,322,320,"Rus"
"Rush-Hour-2",105,101,64,127,82,94,63,121,230,213,"Rush-Hour-2"
"Rush-Hour",151,119,115,189,89,139,89,161,353,302,"Rush-Hour"
"Rushmore",95,109,63,106,85,106,73,137,215,239,"Rushmore"
"Rust-and-Bone",101,102,78,122,80,97,66,120,236,221,"Rust-and-Bone"
"S.-Darko",108,125,106,146,99,127,80,139,288,262,"S.-Darko"
"Saint,-The",0,1,1,0,1,0,1,2,1,1,"Saint,-The"
"Salton-Sea,-The",120,90,88,157,74,111,64,127,277,218,"Salton-Sea,-The"
"Sandlot-Kids,-The",106,113,81,138,92,95,86,126,249,222,"Sandlot-Kids,-The"
"Save-the-Last-Dance",143,136,103,161,135,139,86,162,337,324,"Save-the-Last-Dance"
"Saving-Mr.-Banks",119,131,97,143,151,141,96,168,302,325,"Saving-Mr.-Banks"
"Saving-Private-Ryan",119,95,77,156,78,115,59,146,256,240,"Saving-Private-Ryan"
"Saw",137,89,107,156,66,128,52,97,289,176,"Saw"
"Scarface",82,69,60,99,74,77,50,91,192,178,"Scarface"
"Scary-Movie-2",1,0,1,1,0,1,1,0,1,0,"Scary-Movie-2"
"Schindler's-Lis",159,144,105,191,105,166,83,201,366,337,"Schindler's-Lis"
"Scott-Pilgrim-vs-the-World",129,117,74,134,97,123,78,121,269,244,"Scott-Pilgrim-vs-the-World"
"Screa",140,112,103,161,86,134,73,131,316,224,"Screa"
"Scream-2",127,97,72,159,78,111,65,120,277,219,"Scream-2"
"Scream-3",105,92,79,147,82,108,66,122,252,216,"Scream-3"
"Se7en",187,161,168,232,138,205,96,213,445,367,"Se7en"
"Searchers,-The",138,116,89,172,98,137,95,174,326,298,"Searchers,-The"
"Secret-Life-of-Walter-Mitty,-The",65,119,29,86,110,69,70,142,169,279,"Secret-Life-of-Walter-Mitty,-The"
"Semi-Pro",114,117,86,128,115,105,76,148,231,249,"Semi-Pro"
"Sense-and-Sensibility",144,177,105,174,176,186,109,220,380,417,"Sense-and-Sensibility"
"Serenity",157,137,116,197,111,150,88,165,357,306,"Serenity"
"Serial-Mo",159,116,130,199,101,152,92,150,332,263,"Serial-Mo"
"Sessions,-The",88,130,60,113,114,95,72,167,196,274,"Sessions,-The"
"Seventh-Seal,-The",128,112,129,184,101,155,75,135,319,253,"Seventh-Seal,-The"
"Sex-and-the-City",99,130,78,111,135,105,91,148,215,294,"Sex-and-the-City"
"Sex,-Lies-and-Videotape",0,2,0,0,0,0,0,1,0,1,"Sex,-Lies-and-Videotape"
"Sexual-Life",72,115,57,85,114,88,63,132,198,264,"Sexual-Life"
"Shakespeare-in-Love",148,164,106,175,156,166,103,197,346,353,"Shakespeare-in-Love"
"Shallow-Grave",75,69,58,79,63,81,45,89,176,160,"Shallow-Grave"
"Shame",84,86,69,113,77,95,48,96,216,182,"Shame"
"Shampoo",0,1,0,0,0,0,0,1,0,1,"Shampoo"
"Shawshank-Redemption,-The",155,148,106,192,126,146,98,204,350,327,"Shawshank-Redemption,-The"
"She's-Out-of-My-League",111,127,79,123,115,109,80,157,249,266,"She's-Out-of-My-League"
"Sherlock-Holmes",193,163,146,262,125,197,123,232,456,375,"Sherlock-Holmes"
"Shifty",73,71,54,84,56,63,40,72,180,131,"Shifty"
"Shining,-The",51,72,33,67,60,60,37,88,121,153,"Shining,-The"
"Shipping-News,-The",163,183,143,221,169,186,118,226,417,433,"Shipping-News,-The"
"Shivers",101,100,84,145,93,113,66,123,268,242,"Shivers"
"Shrek-the-Third",120,129,99,147,137,104,92,165,276,305,"Shrek-the-Third"
"Shrek",70,92,68,91,90,70,59,108,173,194,"Shrek"
"Sicario",130,114,82,172,92,123,67,154,276,237,"Sicario"
"Sideways",114,147,95,136,139,136,88,180,288,324,"Sideways"
"Siege,-The",160,121,91,212,89,138,83,200,328,304,"Siege,-The"
"Signs",94,82,60,126,69,94,59,103,228,179,"Signs"
"Silence-of-the-Lambs",182,162,137,238,138,187,95,218,432,374,"Silence-of-the-Lambs"
"Silver-Bulle",145,135,105,180,111,143,87,158,334,275,"Silver-Bulle"
"Silver-Linings-Playbook",98,104,71,114,90,94,68,125,219,219,"Silver-Linings-Playbook"
"Simone",122,148,89,168,149,164,106,208,331,386,"Simone"
"Single-White-Female",67,91,62,93,79,93,57,115,191,205,"Single-White-Female"
"Sister-Ac",144,182,117,177,173,148,107,206,333,384,"Sister-Ac"
"Six-Degrees-of-Separation",140,148,95,168,145,144,103,203,300,360,"Six-Degrees-of-Separation"
"Sixth-Sense,-The",0,0,0,0,0,0,0,0,0,1,"Sixth-Sense,-The"
"Sleepless-in-Seattle",68,103,55,94,96,95,65,117,176,219,"Sleepless-in-Seattle"
"Sleepy-Hollow",162,135,124,217,86,173,80,159,399,261,"Sleepy-Hollow"
"Sling-Blade",75,88,61,85,79,83,45,111,161,176,"Sling-Blade"
"Slither",112,103,106,159,90,120,69,123,302,219,"Slither"
"Slumdog-Millionaire",112,126,85,142,119,114,83,150,284,273,"Slumdog-Millionaire"
"Smashed",76,101,64,76,103,85,61,115,192,212,"Smashed"
"Smokin'-Aces",196,142,147,253,90,193,100,197,489,337,"Smokin'-Aces"
"Snatc",113,86,81,124,64,95,68,117,254,198,"Snatc"
"Snow-Falling-On-Cedars",191,164,132,230,150,196,119,229,427,413,"Snow-Falling-On-Cedars"
"Snow-White-and-the-Huntsman",159,133,112,205,123,160,92,162,362,293,"Snow-White-and-the-Huntsman"
"So-I-Married-an-Axe-Murderer",92,120,67,131,112,111,67,149,234,252,"So-I-Married-an-Axe-Murderer"
"Social-Network,-The",100,114,64,115,95,106,69,165,239,282,"Social-Network,-The"
"Solaris",81,85,57,114,63,89,44,92,200,174,"Solaris"
"Soldier",180,129,125,246,109,175,98,158,424,312,"Soldier"
"Someone-To-Watch-Over-Me",115,108,73,151,114,140,75,160,273,267,"Someone-To-Watch-Over-Me"
"Something's-Gotta-Give",92,128,75,124,129,119,82,151,229,289,"Something's-Gotta-Give"
"Source-Code",149,112,97,197,73,151,86,138,352,245,"Source-Code"
"South-Park",148,128,109,170,122,131,86,171,309,287,"South-Park"
"Space-Milkshake",81,75,58,120,55,89,55,89,212,159,"Space-Milkshake"
"Spanglis",125,176,87,158,162,136,86,211,311,395,"Spanglis"
"Spare-Me",95,102,82,129,93,108,65,125,243,213,"Spare-Me"
"Spartan",92,98,75,125,75,103,55,154,229,246,"Spartan"
"Speed-Racer",169,146,113,206,122,152,96,178,359,340,"Speed-Racer"
"Sphere",92,92,78,158,62,98,62,129,235,220,"Sphere"
"Spider-Man",158,138,101,192,104,134,104,150,347,279,"Spider-Man"
"St.-Elmo's-Fire",117,129,95,152,108,127,84,150,268,267,"St.-Elmo's-Fire"
"Star-Trek-First-Contac",129,140,80,178,100,131,87,172,303,308,"Star-Trek-First-Contac"
"Star-Trek-Generations",120,137,75,167,104,134,100,146,282,299,"Star-Trek-Generations"
"Star-Trek-II-The-Wrath-of-Khan",119,113,70,168,94,125,77,152,273,293,"Star-Trek-II-The-Wrath-of-Khan"
"Star-Trek-Nemesis",143,140,88,198,119,137,90,196,314,340,"Star-Trek-Nemesis"
"Star-Trek-The-Motion-Picture",113,150,57,157,100,113,96,184,300,335,"Star-Trek-The-Motion-Picture"
"Star-Trek",177,194,94,261,136,173,129,235,417,439,"Star-Trek"
"Star-Wars-A-New-Hope",189,143,125,249,111,181,105,186,415,334,"Star-Wars-A-New-Hope"
"Star-Wars-Attack-of-the-Clones",163,151,86,221,130,152,104,199,340,350,"Star-Wars-Attack-of-the-Clones"
"Star-Wars-Return-of-the-Jedi",175,145,115,243,120,167,103,170,394,321,"Star-Wars-Return-of-the-Jedi"
"Star-Wars-Revenge-of-the-Si",167,128,113,224,104,152,103,189,344,299,"Star-Wars-Revenge-of-the-Si"
"Star-Wars-The-Empire-Strikes-Back",167,147,108,233,101,154,96,160,365,291,"Star-Wars-The-Empire-Strikes-Back"
"Star-Wars-The-Force-Awakens",160,107,96,214,93,153,88,152,344,257,"Star-Wars-The-Force-Awakens"
"Star-Wars-The-Phantom-Menace",130,147,76,185,114,116,110,189,301,316,"Star-Wars-The-Phantom-Menace"
"Starman",110,122,76,154,91,110,74,151,272,241,"Starman"
"Starship-Troopers",152,143,112,199,115,148,85,185,319,310,"Starship-Troopers"
"State-and-Main",83,98,63,92,74,81,50,141,175,214,"State-and-Main"
"Station-Wes",114,112,75,130,88,114,73,144,277,238,"Station-Wes"
"Stepmo",0,1,0,0,0,0,0,1,0,2,"Stepmo"
"Sting,-The",112,109,86,129,80,115,65,127,285,239,"Sting,-The"
"Stir-of-Echoes",113,106,88,144,81,108,62,119,261,215,"Stir-of-Echoes"
"Storytelling",54,75,51,69,68,66,40,92,135,148,"Storytelling"
"Straight-Outta-Compton",187,143,129,210,125,155,96,173,392,310,"Straight-Outta-Compton"
"Strange-Days",180,161,123,237,135,168,117,182,415,328,"Strange-Days"
"Strangers-on-a-Train",138,128,94,163,113,117,91,144,300,267,"Strangers-on-a-Train"
"Stuntman,-The",206,181,149,267,158,209,134,209,484,378,"Stuntman,-The"
"Sugar-and-Spice",0,0,0,0,0,0,0,0,0,2,"Sugar-and-Spice"
"Sugar",89,127,70,108,122,99,75,164,227,287,"Sugar"
"Sunset-Blvd",125,115,90,131,99,144,62,138,292,267,"Sunset-Blvd"
"Sunshine-Cleaning",94,110,100,123,101,109,75,123,267,257,"Sunshine-Cleaning"
"Super-8",115,119,81,168,79,129,91,135,293,226,"Super-8"
"Superbad",125,94,89,137,95,108,74,118,255,209,"Superbad"
"Supergir",166,155,114,226,139,164,116,179,381,353,"Supergir"
"Surfer-King,-The",78,106,56,88,113,87,74,129,195,260,"Surfer-King,-The"
"Surrogates",174,128,110,221,96,174,85,153,385,273,"Surrogates"
"Suspect-Zero",155,122,113,206,94,149,77,159,353,274,"Suspect-Zero"
"Sweeney-Todd-The-Demon-Barber-of-Fleet-Stree",172,171,148,215,155,158,102,197,372,350,"Sweeney-Todd-The-Demon-Barber-of-Fleet-Stree"
"Sweet-Hereafter,-The",72,89,53,101,84,94,58,123,192,200,"Sweet-Hereafter,-The"
"Sweet-Smell-of-Success",204,170,142,233,150,204,111,221,479,408,"Sweet-Smell-of-Success"
"Swingers",0,0,0,0,0,0,0,0,0,0,"Swingers"
"Swordfis",107,99,71,148,78,103,64,141,241,221,"Swordfis"
"Synecdoche,-New-York",102,123,101,142,109,152,75,135,297,252,"Synecdoche,-New-York"
"Syriana",149,164,107,179,151,135,93,265,338,437,"Syriana"
"Take-Shelter",71,82,58,96,66,79,52,124,184,186,"Take-Shelter"
"Taking-Lives",143,130,97,186,94,148,78,157,318,276,"Taking-Lives"
"Taking-of-Pelham-One-Two-Three,-The",124,100,71,161,63,125,78,130,284,226,"Taking-of-Pelham-One-Two-Three,-The"
"Taking-Sides",101,106,70,109,96,88,71,151,224,264,"Taking-Sides"
"Talented-Mr.-Ripley,-The",113,138,88,137,121,124,82,168,262,271,"Talented-Mr.-Ripley,-The"
"Tall-in-the-Saddle",142,114,95,161,96,132,89,142,294,250,"Tall-in-the-Saddle"
"Tamara-Drewe",142,142,132,159,122,153,90,155,348,293,"Tamara-Drewe"
"Taxi-Driver",127,121,107,156,97,123,77,155,309,288,"Taxi-Driver"
"Ted",112,136,80,133,130,114,85,148,257,281,"Ted"
"Terminator-2-Judgement-Day",176,134,107,245,101,161,110,171,415,314,"Terminator-2-Judgement-Day"
"Terminator-Salvation",130,132,96,195,99,146,89,164,341,279,"Terminator-Salvation"
"Terminator",150,120,109,214,88,145,101,164,370,274,"Terminator"
"The-Rage-Carrie-2",126,117,84,166,105,125,77,146,282,259,"The-Rage-Carrie-2"
"Theory-of-Everything,-The",92,145,70,128,142,125,83,162,242,313,"Theory-of-Everything,-The"
"There's-Something-About-Mary",0,1,1,0,0,0,0,1,1,2,"There's-Something-About-Mary"
"They",1,0,0,1,0,2,1,2,2,2,"They"
"Thing,-The",145,88,99,177,63,116,71,101,353,203,"Thing,-The"
"Things-My-Father-Never-Taught-Me,-The",12,25,9,13,25,12,18,29,29,50,"Things-My-Father-Never-Taught-Me,-The"
"Thirteen-Days",187,167,109,229,121,169,106,248,396,421,"Thirteen-Days"
"This-Boy's-Life",125,134,100,134,127,131,87,163,308,293,"This-Boy's-Life"
"This-is-40",0,0,0,0,0,0,0,0,0,0,"This-is-40"
"Thor-Ragnarok",194,151,117,257,129,162,112,173,398,322,"Thor-Ragnarok"
"Thor",176,165,98,233,134,165,106,196,381,355,"Thor"
"Three-Kings-(Spoils-of-War)",138,96,92,171,70,122,77,120,300,202,"Three-Kings-(Spoils-of-War)"
"Three-Kings",133,95,97,176,83,134,77,134,288,240,"Three-Kings"
"Three-Men-and-a-Baby",122,113,97,117,114,108,82,128,253,255,"Three-Men-and-a-Baby"
"Three-Musketeers,-The",202,194,130,254,171,188,131,243,447,442,"Three-Musketeers,-The"
"Thunderbirds",71,82,44,100,66,70,62,96,157,169,"Thunderbirds"
"Thunderhear",170,126,101,198,91,158,84,156,363,271,"Thunderhear"
"Ticker",110,79,76,136,61,95,58,102,229,177,"Ticker"
"Timber-Falls",109,122,90,145,105,112,73,148,263,238,"Timber-Falls"
"Time-Machine,-The",118,137,85,179,106,121,91,146,317,287,"Time-Machine,-The"
"Tin-Cup",127,155,94,152,138,145,97,186,316,337,"Tin-Cup"
"Tin-Men",103,111,75,112,108,107,68,152,240,278,"Tin-Men"
"Tinker-Tailor-Soldier-Spy",143,133,105,188,113,144,91,165,328,303,"Tinker-Tailor-Soldier-Spy"
"Titanic",192,181,127,225,176,185,137,223,419,433,"Titanic"
"TMNT",166,150,95,205,126,128,97,184,336,327,"TMNT"
"To-Sleep-with-Anger",115,99,92,144,91,131,70,131,270,221,"To-Sleep-with-Anger"
"Tombstone",188,152,119,214,138,173,109,195,395,382,"Tombstone"
"Tomorrow-Never-Dies",194,155,113,255,122,171,112,207,410,379,"Tomorrow-Never-Dies"
"Top-Gun",1,1,0,1,0,0,0,1,1,1,"Top-Gun"
"Total-Reca",126,110,78,176,84,133,76,148,303,257,"Total-Reca"
"Tourist,-The",110,124,77,142,109,117,81,166,243,277,"Tourist,-The"
"Toy-Story",0,1,0,0,0,0,0,1,0,2,"Toy-Story"
"Traffic",152,156,119,188,127,148,86,224,360,359,"Traffic"
"Training-Day",111,96,80,149,89,110,71,145,254,230,"Training-Day"
"Trainspotting",105,116,100,138,101,140,65,147,276,256,"Trainspotting"
"Transformers-The-Movie",157,105,101,198,85,127,89,134,319,233,"Transformers-The-Movie"
"Tremors",0,0,0,0,0,0,0,0,0,0,"Tremors"
"Tristan-and-Isolde",68,79,45,86,72,81,41,106,145,161,"Tristan-and-Isolde"
"TRON-Legacy",139,120,85,186,87,132,78,143,319,267,"TRON-Legacy"
"TRON",108,120,64,156,91,116,81,138,237,261,"TRON"
"Tropic-Thunder",136,118,98,173,95,134,85,155,320,282,"Tropic-Thunder"
"True-Gri",172,118,109,193,87,157,59,172,366,275,"True-Gri"
"True-Lies",159,135,116,203,121,127,103,166,346,328,"True-Lies"
"True-Romance",0,1,1,1,1,1,1,2,1,1,"True-Romance"
"Truman-Show,-The",146,181,93,183,134,162,104,203,373,386,"Truman-Show,-The"
"Twilig",132,138,83,172,119,133,95,156,304,317,"Twilig"
"Twilight-New-Moon",139,126,90,192,115,145,89,149,313,273,"Twilight-New-Moon"
"Twin-Peaks",112,112,75,135,97,108,69,127,241,214,"Twin-Peaks"
"Twins",113,133,77,139,127,130,80,175,277,328,"Twins"
"Two-For-The-Money",130,147,79,145,124,128,90,176,280,313,"Two-For-The-Money"
"U-Turn",144,109,114,177,89,133,78,137,315,238,"U-Turn"
"Ugly-Truth,-The",108,122,92,114,118,102,73,149,258,269,"Ugly-Truth,-The"
"Un-Singe-en-Hiver",32,33,14,31,19,24,21,49,60,76,"Un-Singe-en-Hiver"
"Unbreakable",102,113,77,149,91,98,71,144,242,241,"Unbreakable"
"Under-Fire",163,144,93,188,118,159,95,162,359,318,"Under-Fire"
"Unknown",147,130,81,200,106,147,95,176,354,315,"Unknown"
"Up-in-the-Air",97,137,64,119,123,112,82,168,217,290,"Up-in-the-Air"
"Up",80,103,50,112,91,77,69,111,200,208,"Up"
"Usual-Suspects,-The",0,0,0,0,0,0,0,1,0,1,"Usual-Suspects,-The"
"V-for-Vendetta",172,140,139,241,117,182,101,200,412,328,"V-for-Vendetta"
"Valkyrie",153,134,92,184,103,133,92,171,337,311,"Valkyrie"
"Vanilla-Sky",119,143,80,175,140,141,90,169,276,317,"Vanilla-Sky"
"Verdict,-The",88,91,60,113,71,104,56,145,228,224,"Verdict,-The"
"Very-Bad-Things",141,119,99,173,98,135,78,148,305,250,"Very-Bad-Things"
"Village,-The",72,90,40,115,78,92,55,113,179,194,"Village,-The"
"Virtuosity",155,134,103,213,104,136,85,176,327,311,"Virtuosity"
"Visitor,-The",53,94,32,74,69,65,46,102,133,165,"Visitor,-The"
"Wag-the-Dog",98,126,61,132,106,122,68,181,232,306,"Wag-the-Dog"
"Walk-to-Remember,-A",94,126,81,127,129,128,74,166,257,303,"Walk-to-Remember,-A"
"Walking-Ta",50,57,23,64,51,48,33,78,96,129,"Walking-Ta"
"Wall-E",85,95,64,119,82,95,67,123,228,224,"Wall-E"
"Wall-Stree",175,178,118,194,150,171,102,242,395,424,"Wall-Stree"
"Wall-Street-Money-Never-Sleeps",112,144,69,142,115,125,83,190,267,306,"Wall-Street-Money-Never-Sleeps"
"Wanted",123,109,67,160,80,127,74,140,264,242,"Wanted"
"War-for-the-Planet-of-the-Apes",173,126,99,255,91,174,99,141,408,252,"War-for-the-Planet-of-the-Apes"
"War-Horse",133,133,93,170,137,128,101,176,307,315,"War-Horse"
"War-of-the-Worlds",90,78,56,120,57,83,51,76,197,147,"War-of-the-Worlds"
"Warm-Springs",111,151,91,139,145,144,93,196,273,373,"Warm-Springs"
"Warrior",148,122,83,158,98,124,87,161,278,265,"Warrior"
"Watchmen",194,148,130,245,116,190,108,172,408,323,"Watchmen"
"Water-for-Elephants",143,153,92,195,135,162,101,173,355,327,"Water-for-Elephants"
"Way-Back,-The",135,149,102,187,112,142,89,175,342,290,"Way-Back,-The"
"We-Own-the-Nig",149,132,82,193,128,144,86,172,315,300,"We-Own-the-Nig"
"What-Lies-Benea",99,96,65,126,85,115,69,112,241,205,"What-Lies-Benea"
"When-a-Stranger-Calls",96,96,67,140,78,109,65,118,236,201,"When-a-Stranger-Calls"
"While-She-Was-Ou",136,109,104,166,88,136,75,122,319,226,"While-She-Was-Ou"
"Whistleblower,-The",145,130,94,186,111,131,77,189,325,309,"Whistleblower,-The"
"White-Christmas",70,112,47,95,115,81,65,150,166,266,"White-Christmas"
"White-Jazz",204,146,149,250,103,182,109,206,478,345,"White-Jazz"
"White-Ribbon,-The",150,152,112,191,136,175,100,174,363,320,"White-Ribbon,-The"
"White-Squa",155,153,106,206,140,156,110,196,366,341,"White-Squa"
"Whiteou",119,98,85,151,76,116,70,121,298,203,"Whiteou"
"Who's-Your-Daddy",125,157,94,142,143,131,101,205,291,388,"Who's-Your-Daddy"
"Wild-At-Hear",132,115,125,163,109,131,78,166,302,278,"Wild-At-Hear"
"Wild-Bunch,-The",145,125,92,159,110,134,79,178,329,284,"Wild-Bunch,-The"
"Wild-Hogs",116,110,80,136,103,120,67,133,252,240,"Wild-Hogs"
"Wild-Things-Diamonds-in-the-Roug",146,123,106,174,105,132,88,153,328,265,"Wild-Things-Diamonds-in-the-Roug"
"Wild-Things",127,131,101,165,101,126,77,140,305,255,"Wild-Things"
"Wild-Wild-Wes",176,158,110,235,135,155,109,195,394,368,"Wild-Wild-Wes"
"Willow",154,123,110,197,101,134,88,134,322,257,"Willow"
"Win-Win",73,85,50,71,76,70,39,113,155,178,"Win-Win"
"Wind-Chi",124,108,94,165,70,131,86,123,316,208,"Wind-Chi"
"Withnail-and-I",89,91,72,106,84,83,51,103,210,206,"Withnail-and-I"
"Witness",131,113,82,167,111,133,91,166,307,286,"Witness"
"Wizard-of-Oz,-The",89,95,80,134,88,101,64,121,209,219,"Wizard-of-Oz,-The"
"Wolf-of-Wall-Street,-The",158,147,110,184,136,143,87,211,336,349,"Wolf-of-Wall-Street,-The"
"Wonder-Boys",93,124,79,128,111,129,92,162,269,296,"Wonder-Boys"
"Wonder-Woman",193,156,119,233,143,160,113,204,382,356,"Wonder-Woman"
"Woodsman,-The",79,82,67,83,78,80,54,101,180,169,"Woodsman,-The"
"World-is-not-Enough,-The",161,128,91,236,99,156,88,183,363,291,"World-is-not-Enough,-The"
"Wrestler,-The",108,115,82,123,103,111,70,130,259,244,"Wrestler,-The"
"X-Files-Fight-the-Future,-The",141,134,100,200,86,139,85,171,341,297,"X-Files-Fight-the-Future,-The"
"X-Men-Origins-Wolverine",174,116,116,215,107,152,88,164,345,289,"X-Men-Origins-Wolverine"
"X-Men",0,1,0,0,0,0,0,0,0,0,"X-Men"
"xXx",164,132,104,201,104,148,99,159,323,285,"xXx"
"Year-One",171,136,131,181,120,162,100,166,352,319,"Year-One"
"Yes-Man",94,116,67,105,109,99,61,151,219,273,"Yes-Man"
"You-Can-Count-On-Me",72,92,53,92,73,81,54,109,182,185,"You-Can-Count-On-Me"
"You've-Got-Mai",0,1,0,0,0,0,0,0,0,0,"You've-Got-Mai"
"Youth-in-Revo",168,155,121,183,143,166,81,205,382,370,"Youth-in-Revo"
"Zero-Dark-Thirty",123,118,82,178,84,125,74,171,275,272,"Zero-Dark-Thirty"
"Zerophilia",86,86,71,98,77,87,59,96,200,187,"Zerophilia"
"Zootopia",130,141,85,159,124,112,84,159,284,287,"Zootopia"
