"","tconst","name","anger","anticipation","disgust","fear","joy","sadness","surprise","trust","negative","positive","X","name.y","primaryTitle","averageRating"
"1","tt0054215","Psycho.txt",138,112,107,173,96,169,80,151,344,261,840,"psycho","psycho",8.5
"2","tt0056241","Miracle-Worker,-The.txt",32,32,28,36,33,35,31,40,84,73,722,"the-miracle-worker","the-miracle-worker",8.1
"3","tt0056869","Birds,-The.txt",118,136,71,162,96,127,92,146,297,259,163,"the-birds","the-birds",7.7
"4","tt0056923","Charade.txt",108,126,88,146,106,129,84,162,277,284,240,"charade","charade",7.9
"5","tt0058331","Mary-Poppins.txt",161,151,123,204,119,148,108,173,391,297,694,"mary-poppins","mary-poppins",7.8
"6","tt0058946","Battle-of-Algiers,-The.txt",170,165,107,221,112,177,101,198,376,369,139,"the-battle-of-algiers","the-battle-of-algiers",8.1
"7","tt0059037","Cincinnati-Kid,-The.txt",108,128,69,123,120,108,79,162,253,310,250,"the-cincinnati-kid","the-cincinnati-kid",7.3
"8","tt0061418","Bonnie-and-Clyde.txt",165,159,122,204,140,161,98,188,370,349,188,"bonnie-and-clyde","bonnie-and-clyde",7.8
"9","tt0061722","Graduate,-The.txt",71,99,52,79,82,77,58,110,153,203,464,"the-graduate","the-graduate",8
"10","tt0064665","Midnight-Cowboy.txt",144,129,114,181,134,161,96,171,357,316,712,"midnight-cowboy","midnight-cowboy",7.8
"11","tt0065214","Wild-Bunch,-The.txt",145,125,92,159,110,134,79,178,329,284,1117,"the-wild-bunch","the-wild-bunch",7.9
"12","tt0065724","Five-Easy-Pieces.txt",84,90,62,91,103,93,52,128,197,229,397,"five-easy-pieces","five-easy-pieces",7.4
"13","tt0066249","Private-Life-of-Sherlock-Holmes,-The.txt",132,153,100,185,119,158,93,206,343,354,833,"the-private-life-of-sherlock-holmes","the-private-life-of-sherlock-holmes",7.1
"14","tt0067116","French-Connection,-The.txt",102,99,62,121,78,102,61,112,235,217,412,"the-french-connection","the-french-connection",7.7
"15","tt0067128","Get-Carter.txt",84,71,64,100,63,96,48,92,211,172,436,"get-carter","get-carter",7.4
"16","tt0067309","Klute.txt",108,135,83,146,117,129,91,164,290,299,607,"klute","klute",7.2
"17","tt0068638","Getaway,-The.txt",110,103,79,141,77,124,77,137,282,226,441,"the-getaway","the-getaway",7.4
"18","tt0068931","Mechanic,-The.txt",146,147,97,203,123,166,92,195,349,330,702,"the-mechanic","the-mechanic",6.9
"19","tt0069704","American-Graffiti.txt",130,116,101,171,111,123,83,140,288,245,62,"american-graffiti","american-graffiti",7.4
"20","tt0069762","Badlands.txt",86,95,56,104,78,84,63,121,184,182,129,"badlands","badlands",7.8
"21","tt0069945","Dark-Star.txt",30,48,26,48,38,43,28,54,101,100,300,"dark-star","dark-star",6.3
"22","tt0070379","Mean-Streets.txt",99,112,64,128,101,106,74,137,239,230,701,"mean-streets","mean-streets",7.2
"23","tt0070735","Sting,-The.txt",112,109,86,129,80,115,65,127,285,239,987,"the-sting","the-sting",8.3
"24","tt0070849","Last-Tango-in-Paris.txt",92,92,75,104,100,92,53,120,209,225,626,"last-tango-in-paris","last-tango-in-paris",7
"25","tt0071315","Chinatown.txt",129,99,92,132,74,134,63,136,284,239,245,"chinatown","chinatown",8.2
"26","tt0072251","Taking-of-Pelham-One-Two-Three,-The.txt",124,100,71,161,63,125,78,130,284,226,1013,"the-taking-of-pelham-one-two-three","the-taking-of-pelham-one-two-three",7.7
"27","tt0072684","Barry-Lyndon.txt",226,200,168,283,213,234,119,311,506,565,131,"barry-lyndon","barry-lyndon",8.1
"28","tt0072890","Dog-Day-Afternoon.txt",134,129,92,184,110,139,89,163,293,276,334,"dog-day-afternoon","dog-day-afternoon",8
"29","tt0073195","Jaws.txt",162,157,120,234,130,169,109,189,421,361,581,"jaws","jaws",8
"30","tt0073440","Nashville.txt",74,100,50,82,83,80,63,126,167,187,751,"nashville","nashville",7.7
"31","tt0073629","Rocky-Horror-Picture-Show,-The.txt",107,113,70,145,113,113,80,131,232,257,878,"the-rocky-horror-picture-show","the-rocky-horror-picture-show",7.4
"33","tt0073705","Shivers.txt",101,100,84,145,93,113,66,123,268,242,928,"shivers","shivers",6.4
"34","tt0074119","All-the-President's-Men.txt",94,104,68,121,82,103,61,157,223,251,55,"all-the-president's-men","all-the-president's-men",8
"35","tt0074285","Carrie.txt",135,115,97,162,97,132,97,129,321,272,226,"carrie","carrie",7.4
"36","tt0074812","Logan's-Run.txt",114,120,64,161,105,116,82,127,266,257,653,"logan's-run","logan's-run",6.8
"37","tt0075148","Rocky.txt",130,118,105,162,107,140,76,147,303,283,879,"rocky","rocky",8.1
"38","tt0075314","Taxi-Driver.txt",127,121,107,156,97,123,77,155,309,288,1018,"taxi-driver","taxi-driver",8.2
"39","tt0077402","Dawn-of-the-Dead.txt",149,134,105,187,95,134,98,159,356,288,304,"dawn-of-the-dead","dawn-of-the-dead",7.9
"41","tt0077416","Deer-Hunter,-The.txt",147,127,103,195,109,153,90,149,343,266,318,"the-deer-hunter","the-deer-hunter",8.1
"42","tt0077766","Jaws-2.txt",138,133,93,194,112,141,100,158,330,284,580,"jaws-2","jaws-2",5.8
"43","tt0077928","Midnight-Express.txt",178,131,147,237,102,182,96,178,474,305,713,"midnight-express","midnight-express",7.6
"44","tt0078748","Alien.txt",112,115,89,182,67,128,77,119,314,220,50,"alien","alien",8.4
"45","tt0078788","Apocalypse-Now.txt",146,134,109,202,110,138,90,182,343,313,90,"apocalypse-now","apocalypse-now",8.4
"46","tt0078841","Being-There.txt",84,132,69,127,121,127,76,207,233,346,150,"being-there","being-there",8
"47","tt0078902","Breaking-Away.txt",81,104,61,109,93,94,64,108,196,206,207,"breaking-away","breaking-away",7.7
"48","tt0080130","When-a-Stranger-Calls.txt",96,96,67,140,78,109,65,118,236,201,1107,"when-a-stranger-calls","when-a-stranger-calls",6.4
"49","tt0080678","Elephant-Man,-The.txt",166,172,154,213,157,179,115,217,402,401,358,"the-elephant-man","the-elephant-man",8.1
"50","tt0080745","Flash-Gordon.txt",156,125,99,214,101,136,99,135,326,282,398,"flash-gordon","flash-gordon",6.5
"51","tt0081283","Ordinary-People.txt",76,83,55,82,89,89,57,120,180,199,785,"ordinary-people","ordinary-people",7.7
"52","tt0081505","Shining,-The.txt",51,72,33,67,60,60,37,88,121,153,926,"the-shining","the-shining",8.4
"53","tt0082288","Dragonslayer.txt",138,137,99,202,116,154,104,160,357,303,340,"dragonslayer","dragonslayer",6.7
"54","tt0082340","Escape-From-New-York.txt",54,71,35,76,46,52,38,90,119,155,367,"escape-from-new-york","escape-from-new-york",7.2
"55","tt0082348","Excalibur.txt",184,175,138,252,156,174,111,186,438,353,374,"excalibur","excalibur",7.4
"56","tt0082971","Indiana-Jones-and-the-Raiders-of-the-Lost-Ark.txt",162,143,109,208,115,130,100,181,350,334,553,"indiana-jones-and-the-raiders-of-the-lost-ark","indiana-jones-and-the-raiders-of-the-lost-ark",8.4
"57","tt0083658","Blade-Runner.txt",125,138,92,195,121,140,89,179,339,330,172,"blade-runner","blade-runner",8.1
"58","tt0083833","Diner.txt",88,109,70,116,118,100,67,133,207,258,329,"diner","diner",7.1
"59","tt0083967","Frances.txt",171,147,115,206,143,167,110,201,397,364,407,"frances","frances",7.3
"60","tt0083987","Gandhi.txt",242,218,156,305,191,257,136,327,556,558,431,"gandhi","gandhi",8
"61","tt0084787","Thing,-The.txt",145,88,99,177,63,116,71,101,353,203,1027,"the-thing","the-thing",8.1
"62","tt0084827","TRON.txt",108,120,64,156,91,116,81,138,237,261,1062,"tron","tron",6.8
"63","tt0084855","Verdict,-The.txt",88,91,60,113,71,104,56,145,228,224,1085,"the-verdict","the-verdict",7.7
"64","tt0085794","King-of-Comedy,-The.txt",92,135,61,103,138,95,83,175,220,315,605,"the-king-of-comedy","the-king-of-comedy",7.8
"65","tt0086250","Scarface.txt",82,69,60,99,74,77,50,91,192,178,899,"scarface","scarface",8.3
"66","tt0086510","Under-Fire.txt",163,144,93,188,118,159,95,162,359,318,1077,"under-fire","under-fire",7
"67","tt0086879","Amadeus.txt",174,190,126,215,197,187,131,244,410,461,58,"amadeus","amadeus",8.3
"68","tt0086927","Bachelor-Party.txt",113,130,73,128,131,102,90,165,268,289,119,"bachelor-party","bachelor-party",6.3
"69","tt0086979","Blood-Simple.txt",75,68,52,97,51,85,52,97,197,143,179,"blood-simple","blood-simple",7.6
"70","tt0087182","Dune.txt",126,115,88,180,90,117,74,133,280,258,347,"dune","dune",6.4
"71","tt0087332","Ghostbusters.txt",45,46,39,67,25,40,36,35,105,76,448,"ghostbusters","ghostbusters",7.8
"72","tt0087363","Gremlins.txt",93,92,62,122,89,84,56,119,216,203,473,"gremlins","gremlins",7.3
"73","tt0087957","Purple-Rain.txt",120,131,78,151,127,114,85,146,270,287,844,"purple-rain","purple-rain",6.5
"74","tt0087995","Repo-Man.txt",71,59,55,86,59,66,47,99,176,162,863,"repo-man","repo-man",6.9
"75","tt0088172","Starman.txt",110,122,76,154,91,110,74,151,272,241,982,"starman","starman",7
"77","tt0088683","Agnes-of-God.txt",73,89,65,96,72,93,50,110,174,181,40,"agnes-of-god","agnes-of-god",6.6
"78","tt0088847","Breakfast-Club,-The.txt",73,59,64,73,57,84,47,83,178,152,206,"the-breakfast-club","the-breakfast-club",7.8
"79","tt0088936","Code-of-Silence.txt",117,93,81,137,73,103,70,128,249,216,261,"code-of-silence","code-of-silence",6.1
"81","tt0088993","Day-of-the-Dead.txt",175,108,139,232,93,162,90,156,390,289,305,"day-of-the-dead","day-of-the-dead",7.1
"82","tt0089469","Legend.txt",189,188,150,280,176,203,124,195,465,380,631,"legend","legend",6.4
"84","tt0090060","St.-Elmo's-Fire.txt",117,129,95,152,108,127,84,150,268,267,968,"st.-elmo's-fire","st.-elmo's-fire",6.4
"85","tt0090329","Witness.txt",131,113,82,167,111,133,91,166,307,286,1126,"witness","witness",7.4
"86","tt0090605","Aliens.txt",180,132,121,259,97,178,107,173,438,312,51,"aliens","aliens",8.3
"87","tt0090655","April-Fool's-Day.txt",104,126,81,142,97,114,86,136,272,262,92,"april-fool's-day","april-fool's-day",6.2
"88","tt0091042","Ferris-Bueller's-Day-Off.txt",139,130,115,167,114,146,86,147,323,280,389,"ferris-bueller's-day-off","ferris-bueller's-day-off",7.8
"89","tt0091167","Hannah-and-Her-Sisters.txt",120,136,84,143,145,147,90,181,299,334,486,"hannah-and-her-sisters","hannah-and-her-sisters",7.9
"90","tt0091203","Highlander.txt",129,105,79,181,87,125,85,143,283,263,515,"highlander","highlander",7.1
"91","tt0091474","Manhunter.txt",127,132,92,159,96,110,81,159,286,268,686,"manhunter","manhunter",7.2
"92","tt0091738","Peggy-Sue-Got-Married.txt",118,163,88,139,151,135,98,193,291,353,801,"peggy-sue-got-married","peggy-sue-got-married",6.4
"93","tt0091763","Platoon.txt",124,132,95,147,139,133,95,173,279,298,819,"platoon","platoon",8.1
"96","tt0093177","Hellraiser.txt",106,90,82,134,82,117,65,99,266,190,507,"hellraiser","hellraiser",7
"97","tt0093565","Moonstruck.txt",88,115,64,106,111,110,74,134,211,242,733,"moonstruck","moonstruck",7.1
"98","tt0093773","Predator.txt",155,103,104,209,74,126,85,132,348,225,826,"predator","predator",7.8
"99","tt0093779","Princess-Bride,-The.txt",119,133,94,174,106,142,78,145,294,257,832,"the-princess-bride","the-princess-bride",8.1
"100","tt0093822","Raising-Arizona.txt",138,118,93,163,93,122,73,141,290,257,850,"raising-arizona","raising-arizona",7.3
"101","tt0094008","Someone-To-Watch-Over-Me.txt",115,108,73,151,114,140,75,160,273,267,957,"someone-to-watch-over-me","someone-to-watch-over-me",6.1
"102","tt0094137","Three-Men-and-a-Baby.txt",122,113,97,117,114,108,82,128,253,255,1036,"three-men-and-a-baby","three-men-and-a-baby",6.1
"103","tt0094155","Tin-Men.txt",103,111,75,112,108,107,68,152,240,278,1044,"tin-men","tin-men",6.6
"104","tt0094602","Above-the-Law.txt",173,146,109,221,114,158,94,199,364,330,29,"above-the-law","above-the-law",6
"105","tt0094631","Alien-Nation.txt",142,107,103,193,92,138,82,171,342,296,47,"alien-nation","alien-nation",6.3
"106","tt0094737","Big.txt",29,55,28,38,51,39,32,57,71,103,161,"big","big",7.3
"107","tt0095016","Die-Hard.txt",133,129,87,177,104,133,86,173,314,299,328,"die-hard","die-hard",8.2
"108","tt0095250","Big-Blue,-The.txt",95,123,73,137,111,121,87,151,265,263,155,"the-big-blue","the-big-blue",7.6
"109","tt0095765","Cinema-Paradiso.txt",167,152,121,233,135,198,110,182,418,344,251,"cinema-paradiso","cinema-paradiso",8.5
"110","tt0096320","Twins.txt",113,133,77,139,127,130,80,175,277,328,1071,"twins","twins",6.1
"111","tt0096446","Willow.txt",154,123,110,197,101,134,88,134,322,257,1122,"willow","willow",7.3
"112","tt0096754","Abyss,-The.txt",156,140,112,242,110,158,96,183,403,324,31,"the-abyss","the-abyss",7.5
"113","tt0096895","Batman.txt",206,187,135,265,154,184,141,227,467,403,137,"batman","batman",7.5
"114","tt0096933","Black-Rain.txt",121,94,78,143,89,123,66,122,271,227,167,"black-rain","black-rain",6.7
"115","tt0097165","Dead-Poets-Society.txt",102,129,73,121,115,112,78,150,235,290,309,"dead-poets-society","dead-poets-society",8.1
"116","tt0097216","Do-The-Right-Thing.txt",110,75,77,112,71,88,52,93,208,171,333,"do-the-right-thing","do-the-right-thing",8
"118","tt0097322","Fabulous-Baker-Boys,-The.txt",99,129,62,123,135,105,84,166,233,292,377,"the-fabulous-baker-boys","the-fabulous-baker-boys",6.9
"119","tt0097351","Field-of-Dreams.txt",86,126,68,112,104,97,74,141,224,278,390,"field-of-dreams","field-of-dreams",7.5
"120","tt0097493","Heathers.txt",162,143,127,180,135,162,97,161,351,320,496,"heathers","heathers",7.2
"121","tt0097576","Indiana-Jones-and-the-Last-Crusade.txt",135,143,91,196,112,124,108,172,295,312,552,"indiana-jones-and-the-last-crusade","indiana-jones-and-the-last-crusade",8.2
"122","tt0097737","Leviathan.txt",111,110,94,161,84,119,81,137,300,242,636,"leviathan","leviathan",5.8
"123","tt0097757","Little-Mermaid,-The.txt",62,79,43,78,66,75,54,64,147,140,649,"the-little-mermaid","the-little-mermaid",7.6
"124","tt0097815","Major-League.txt",104,116,64,127,106,104,74,141,256,259,675,"major-league","major-league",7.2
"125","tt0098084","Pet-Sematary.txt",121,111,120,171,102,150,75,131,336,259,806,"pet-sematary","pet-sematary",6.6
"126","tt0099077","Awakenings.txt",85,105,60,109,85,116,65,123,229,251,116,"awakenings","awakenings",7.8
"127","tt0099348","Dances-with-Wolves.txt",154,147,107,197,123,160,100,175,377,329,296,"dances-with-wolves","dances-with-wolves",8
"128","tt0099365","Darkman.txt",161,133,123,229,111,182,94,165,406,298,301,"darkman","darkman",6.4
"129","tt0099423","Die-Hard-2.txt",137,117,90,184,102,127,83,180,310,298,327,"die-hard-2","die-hard-2",7.1
"130","tt0099487","Edward-Scissorhands.txt",49,61,34,67,58,53,42,69,114,129,354,"edward-scissorhands","edward-scissorhands",7.9
"131","tt0099703","Grifters,-The.txt",140,120,94,157,102,134,80,159,313,283,474,"the-grifters","the-grifters",6.9
"132","tt0099810","Hunt-for-Red-October,-The.txt",128,119,84,188,90,114,87,169,314,283,534,"the-hunt-for-red-october","the-hunt-for-red-october",7.6
"133","tt0099871","Jacob's-Ladder.txt",194,171,125,257,155,190,122,202,417,376,577,"jacob's-ladder","jacob's-ladder",7.5
"134","tt0100150","Miller's-Crossing.txt",119,103,90,150,81,123,80,130,294,216,718,"miller's-crossing","miller's-crossing",7.7
"135","tt0100157","Misery.txt",118,119,76,155,120,124,85,145,247,253,724,"misery","misery",7.8
"136","tt0100260","Nightbreed.txt",167,129,115,235,111,173,93,160,372,290,763,"nightbreed","nightbreed",6.5
"137","tt0100405","Pretty-Woman.txt",91,116,74,115,118,108,67,152,241,288,829,"pretty-woman","pretty-woman",7.1
"138","tt0100477","Rescuers-Down-Under,-The.txt",57,74,45,81,60,63,51,86,133,141,864,"the-rescuers-down-under","the-rescuers-down-under",6.9
"140","tt0101272","Addams-Family,-The.txt",97,79,68,123,72,95,48,82,207,161,34,"the-addams-family","the-addams-family",6.9
"141","tt0101410","Barton-Fink.txt",103,109,95,126,99,129,66,142,279,257,132,"barton-fink","barton-fink",7.7
"142","tt0101761","Doors,-The.txt",227,197,171,280,180,219,120,232,530,433,337,"the-doors","the-doors",7.2
"143","tt0102070","Hudson-Hawk.txt",160,154,122,183,136,132,105,183,342,344,531,"hudson-hawk","hudson-hawk",5.8
"144","tt0102138","JFK.txt",244,201,172,302,162,227,128,315,549,497,587,"jfk","jfk",8
"145","tt0102181","Kafka.txt",151,140,132,231,106,188,96,171,394,314,597,"kafka","kafka",6.9
"146","tt0102266","Last-Boy-Scout,-The.txt",183,155,124,215,133,168,104,183,405,328,620,"the-last-boy-scout","the-last-boy-scout",7
"147","tt0102307","Light-Sleeper.txt",92,97,63,116,82,96,61,122,221,210,642,"light-sleeper","light-sleeper",6.9
"148","tt0102685","Point-Break.txt",179,138,112,222,119,143,97,179,370,334,821,"point-break","point-break",7.3
"149","tt0103639","Aladdin.txt",114,115,83,140,116,101,89,130,239,245,44,"aladdin","aladdin",8
"150","tt0103644","Alien-3.txt",125,103,99,166,70,123,57,123,309,242,46,"alien-3","alien-3",6.4
"152","tt0104073","Deep-Cover.txt",136,109,94,163,109,144,78,172,289,272,316,"deep-cover","deep-cover",6.9
"153","tt0104114","Distinguished-Gentleman,-The.txt",119,149,94,137,153,122,96,229,280,390,330,"the-distinguished-gentleman","the-distinguished-gentleman",5.9
"154","tt0104257","A-Few-Good-Men.txt",121,124,79,150,88,124,65,202,285,298,23,"a-few-good-men","a-few-good-men",7.7
"155","tt0104691","Last-of-the-Mohicans,-The.txt",184,132,104,231,115,161,93,199,369,327,623,"the-last-of-the-mohicans","the-last-of-the-mohicans",7.7
"156","tt0104797","Malcolm-X.txt",185,159,130,221,157,173,98,237,374,421,676,"malcolm-x","malcolm-x",7.7
"157","tt0104815","El-Mariachi.txt",55,62,38,71,54,53,38,77,126,126,356,"el-mariachi","el-mariachi",6.9
"158","tt0104990","Newsies.txt",159,139,99,172,131,123,92,167,317,303,756,"newsies","newsies",6.9
"159","tt0105128","Pet-Sematary-II.txt",140,136,120,214,98,158,98,156,370,256,805,"pet-sematary-ii","pet-sematary-ii",4.9
"160","tt0105159","Power-of-One,-The.txt",159,196,108,225,153,167,107,228,380,391,824,"the-power-of-one","the-power-of-one",7.2
"161","tt0105236","Reservoir-Dogs.txt",97,80,60,113,69,84,53,112,198,170,865,"reservoir-dogs","reservoir-dogs",8.3
"162","tt0105414","Single-White-Female.txt",67,91,62,93,79,93,57,115,191,205,939,"single-white-female","single-white-female",6.4
"163","tt0106308","Army-of-Darkness.txt",124,76,86,159,58,104,77,87,269,170,99,"army-of-darkness","army-of-darkness",7.5
"164","tt0106453","Body-of-Evidence.txt",130,119,77,146,78,116,68,146,256,231,184,"body-of-evidence","body-of-evidence",4.5
"165","tt0106582","Cliffhanger.txt",145,126,89,197,86,154,95,146,335,247,257,"cliffhanger","cliffhanger",6.5
"166","tt0106834","Even-Cowgirls-Get-the-Blues.txt",132,154,107,187,138,156,95,190,341,369,369,"even-cowgirls-get-the-blues","even-cowgirls-get-the-blues",4.4
"167","tt0106977","Fugitive,-The.txt",103,115,73,160,74,106,66,156,243,258,424,"the-fugitive","the-fugitive",7.8
"168","tt0107048","Groundhog-Day.txt",124,134,83,144,122,130,87,175,274,312,476,"groundhog-day","groundhog-day",8
"169","tt0107290","Jurassic-Park.txt",168,161,109,211,130,153,112,165,387,326,596,"jurassic-park","jurassic-park",8.1
"170","tt0107302","Kalifornia.txt",136,113,99,162,102,133,82,137,308,240,598,"kalifornia","kalifornia",6.7
"171","tt0107507","Manhattan-Murder-Mystery.txt",79,105,70,115,82,107,68,135,223,236,685,"manhattan-murder-mystery","manhattan-murder-mystery",7.3
"172","tt0107688","Nightmare-Before-Christmas,-The.txt",53,80,50,74,85,66,65,89,142,157,764,"the-nightmare-before-christmas","the-nightmare-before-christmas",8
"173","tt0107818","Philadelphia.txt",133,157,102,183,136,150,84,220,321,360,808,"philadelphia","philadelphia",7.7
"174","tt0107822","Piano,-The.txt",123,124,90,165,119,147,77,148,312,288,812,"the-piano","the-piano",7.6
"175","tt0107889","Program,-The.txt",144,145,102,169,119,136,86,193,323,315,835,"the-program","the-program",6.5
"176","tt0108149","Six-Degrees-of-Separation.txt",140,148,95,168,145,144,103,203,300,360,941,"six-degrees-of-separation","six-degrees-of-separation",6.8
"177","tt0108160","Sleepless-in-Seattle.txt",68,103,55,94,96,95,65,117,176,219,943,"sleepless-in-seattle","sleepless-in-seattle",6.8
"178","tt0108174","So-I-Married-an-Axe-Murderer.txt",92,120,67,131,112,111,67,149,234,252,953,"so-i-married-an-axe-murderer","so-i-married-an-axe-murderer",6.5
"179","tt0108330","This-Boy's-Life.txt",125,134,100,134,127,131,87,163,308,293,1030,"this-boy's-life","this-boy's-life",7.3
"180","tt0108333","Three-Musketeers,-The.txt",202,194,130,254,171,188,131,243,447,442,1037,"the-three-musketeers","the-three-musketeers",6.4
"181","tt0108358","Tombstone.txt",188,152,119,214,138,173,109,195,395,382,1049,"tombstone","tombstone",7.8
"183","tt0109445","Clerks.txt",147,105,111,141,88,134,64,153,310,239,256,"clerks","clerks",7.7
"184","tt0109450","Cobb.txt",164,147,109,198,130,152,105,195,352,336,259,"cobb","cobb",6.4
"185","tt0109506","Crow,-The.txt",177,112,112,216,100,150,90,152,381,260,288,"the-crow","the-crow",7.6
"186","tt0109686","Dumb-and-Dumber.txt",110,113,90,141,103,127,84,139,285,266,346,"dumb-and-dumber","dumb-and-dumber",7.3
"187","tt0109707","Ed-Wood.txt",147,175,118,199,158,165,110,196,386,364,353,"ed-wood","ed-wood",7.8
"188","tt0109813","Flintstones,-The.txt",142,144,84,176,136,138,119,197,324,354,401,"the-flintstones","the-flintstones",4.9
"189","tt0109830","Forrest-Gump.txt",94,122,67,118,111,93,68,153,221,249,402,"forrest-gump","forrest-gump",8.8
"191","tt0109838","Freaked.txt",161,125,141,183,118,137,97,160,379,303,410,"freaked","freaked",6.4
"192","tt0110005","Heavenly-Creatures.txt",137,165,109,172,150,166,102,197,334,370,497,"heavenly-creatures","heavenly-creatures",7.3
"193","tt0110074","Hudsucker-Proxy,-The.txt",127,148,97,166,118,143,92,187,327,336,532,"the-hudsucker-proxy","the-hudsucker-proxy",7.2
"194","tt0110265","Killing-Zoe.txt",80,75,60,103,77,85,52,100,200,171,602,"killing-zoe","killing-zoe",6.5
"195","tt0110632","Natural-Born-Killers.txt",149,134,93,186,102,120,82,180,298,303,752,"natural-born-killers","natural-born-killers",7.3
"196","tt0110912","Pulp-Fiction.txt",136,110,106,165,104,126,75,158,302,261,842,"pulp-fiction","pulp-fiction",8.9
"197","tt0111149","Shallow-Grave.txt",75,69,58,79,63,81,45,89,176,160,919,"shallow-grave","shallow-grave",7.3
"198","tt0111161","Shawshank-Redemption,-The.txt",155,148,106,192,126,146,98,204,350,327,922,"the-shawshank-redemption","the-shawshank-redemption",9.3
"199","tt0111503","True-Lies.txt",159,135,116,203,121,127,103,166,346,328,1065,"true-lies","true-lies",7.2
"200","tt0112346","American-President,-The.txt",113,132,72,109,114,101,77,208,238,334,69,"the-american-president","the-american-president",6.8
"202","tt0112401","Assassins.txt",92,90,61,120,67,91,56,119,243,208,104,"assassins","assassins",6.3
"203","tt0112431","Babe.txt",111,99,80,155,78,121,61,131,266,210,117,"babe","babe",6.8
"204","tt0112442","Bad-Boys.txt",112,101,102,143,91,112,79,150,278,250,122,"bad-boys","bad-boys",6.9
"205","tt0112641","Casino.txt",154,149,95,179,120,157,91,210,362,334,229,"casino","casino",8.2
"207","tt0112857","Devil-in-a-Blue-Dress.txt",111,115,79,134,90,109,70,122,250,228,325,"devil-in-a-blue-dress","devil-in-a-blue-dress",6.7
"208","tt0113101","Four-Rooms.txt",125,123,108,138,110,124,74,143,300,267,404,"four-rooms","four-rooms",6.8
"210","tt0113243","Hackers.txt",118,102,72,137,77,98,65,125,246,216,479,"hackers","hackers",6.3
"211","tt0113492","Judge-Dredd.txt",172,135,93,232,112,169,89,207,363,328,592,"judge-dredd","judge-dredd",5.6
"212","tt0113540","Kids.txt",75,83,65,82,81,77,52,87,190,174,600,"kids","kids",7.1
"214","tt0113677","Living-in-Oblivion.txt",78,82,56,83,72,95,57,86,188,180,651,"living-in-oblivion","living-in-oblivion",7.5
"215","tt0113690","Lord-of-Illusions.txt",134,120,102,192,86,147,87,112,310,228,658,"lord-of-illusions","lord-of-illusions",6.1
"216","tt0113972","Nick-of-Time.txt",101,91,59,118,74,97,61,128,225,216,761,"nick-of-time","nick-of-time",6.3
"217","tt0114194","Prophecy,-The.txt",164,125,139,206,107,182,86,169,391,283,838,"the-prophecy","the-prophecy",6.5
"218","tt0114369","Se7en.txt",187,161,168,232,138,205,96,213,445,367,906,"se7en","se7en",8.6
"219","tt0114388","Sense-and-Sensibility.txt",144,177,105,174,176,186,109,220,380,417,910,"sense-and-sensibility","sense-and-sensibility",7.7
"220","tt0114558","Strange-Days.txt",180,161,123,237,135,168,117,182,415,328,991,"strange-days","strange-days",7.2
"222","tt0114746","12-Monkeys.txt",186,159,129,264,125,180,106,196,444,342,3,"12-monkeys","12-monkeys",8
"224","tt0114857","Virtuosity.txt",155,134,103,213,104,136,85,176,327,311,1088,"virtuosity","virtuosity",5.6
"225","tt0115641","Beavis-and-Butt-head-Do-America.txt",92,95,63,125,75,91,60,128,235,194,146,"beavis-and-butt-head-do-america","beavis-and-butt-head-do-america",6.8
"226","tt0115710","Blood-and-Wine.txt",120,125,82,140,101,114,92,151,283,267,178,"blood-and-wine","blood-and-wine",6
"227","tt0115736","Bound.txt",84,65,58,98,47,86,42,71,202,132,194,"bound","bound",7.3
"228","tt0115759","Broken-Arrow.txt",101,86,63,137,59,89,65,106,221,175,212,"broken-arrow","broken-arrow",6.1
"229","tt0116209","English-Patient,-The.txt",133,128,95,151,121,121,87,164,278,281,361,"the-english-patient","the-english-patient",7.4
"230","tt0116282","Fargo.txt",76,77,54,83,61,75,48,107,171,169,383,"fargo","fargo",8.1
"231","tt0116367","From-Dusk-Till-Dawn.txt",135,110,100,165,92,118,66,144,299,228,418,"from-dusk-till-dawn","from-dusk-till-dawn",7.2
"232","tt0116409","Ghost-and-the-Darkness,-The.txt",120,115,83,154,107,127,78,128,268,248,443,"the-ghost-and-the-darkness","the-ghost-and-the-darkness",6.8
"234","tt0116695","Jerry-Maguire.txt",133,165,88,165,163,143,94,209,304,374,585,"jerry-maguire","jerry-maguire",7.3
"235","tt0116905","Lone-Star.txt",119,110,77,132,85,132,69,166,265,256,655,"lone-star","lone-star",7.4
"236","tt0116908","Long-Kiss-Goodnight,-The.txt",186,136,141,261,121,185,112,193,466,319,656,"the-long-kiss-goodnight","the-long-kiss-goodnight",6.8
"237","tt0116922","Lost-Highway.txt",100,81,76,140,64,100,68,105,227,177,664,"lost-highway","lost-highway",7.6
"238","tt0117500","Rock,-The.txt",151,120,108,206,87,127,79,174,333,293,876,"the-rock","the-rock",7.4
"239","tt0117666","Sling-Blade.txt",75,88,61,85,79,83,45,111,161,176,945,"sling-blade","sling-blade",8
"241","tt0117918","Tin-Cup.txt",127,155,94,152,138,145,97,186,316,337,1043,"tin-cup","tin-cup",6.4
"242","tt0117951","Trainspotting.txt",105,116,100,138,101,140,65,147,276,256,1057,"trainspotting","trainspotting",8.1
"243","tt0118548","Absolute-Power.txt",122,113,79,148,109,132,80,154,261,266,30,"absolute-power","absolute-power",6.7
"244","tt0118564","Affliction.txt",86,93,67,107,67,106,55,117,225,184,37,"affliction","affliction",6.9
"246","tt0118617","Anastasia.txt",114,110,84,136,103,100,77,115,247,212,81,"anastasia","anastasia",7.2
"247","tt0118647","Assignment,-The.txt",174,166,107,218,130,167,87,205,375,322,105,"the-assignment","the-assignment",6.9
"248","tt0118689","Bean.txt",144,136,113,178,128,149,102,181,353,358,142,"bean","bean",6.5
"249","tt0118715","Big-Lebowski,-The.txt",119,103,85,132,89,124,67,140,274,244,158,"the-big-lebowski","the-big-lebowski",8.1
"250","tt0118749","Boogie-Nights.txt",91,109,64,97,92,84,67,142,201,233,189,"boogie-nights","boogie-nights",7.9
"251","tt0118771","Breakdown.txt",111,95,79,134,63,100,73,120,261,187,205,"breakdown","breakdown",6.9
"252","tt0118842","Chasing-Amy.txt",133,117,99,133,108,123,76,163,289,283,242,"chasing-amy","chasing-amy",7.2
"253","tt0118900","Gang-Related.txt",109,97,76,143,69,115,60,133,239,212,432,"gang-related","gang-related",6.5
"254","tt0118929","Dark-City.txt",152,110,124,197,78,153,84,138,361,245,298,"dark-city","dark-city",7.6
"255","tt0118956","Deep-Rising.txt",137,116,100,184,83,119,86,117,314,231,317,"deep-rising","deep-rising",6.1
"256","tt0119008","Donnie-Brasco.txt",121,104,73,135,86,112,66,134,272,230,336,"donnie-brasco","donnie-brasco",7.7
"257","tt0119081","Event-Horizon.txt",97,99,78,162,66,122,69,119,257,207,370,"event-horizon","event-horizon",6.7
"258","tt0119116","Fifth-Element,-The.txt",145,144,93,177,120,137,103,196,329,332,391,"the-fifth-element","the-fifth-element",7.7
"259","tt0119173","G.I.-Jane.txt",135,137,99,169,99,131,82,190,310,327,426,"g.i.-jane","g.i.-jane",6
"260","tt0119174","Game,-The.txt",148,146,106,192,118,170,109,184,378,336,429,"the-game","the-game",7.7
"261","tt0119177","Gattaca.txt",153,173,123,193,124,181,96,215,392,378,435,"gattaca","gattaca",7.8
"262","tt0119217","Good-Will-Hunting.txt",118,129,87,154,113,130,87,159,274,292,461,"good-will-hunting","good-will-hunting",8.3
"263","tt0119280","Mrs.-Brown.txt",104,116,66,111,115,107,66,161,239,295,737,"mrs.-brown","mrs.-brown",7.2
"264","tt0119314","Horse-Whisperer,-The.txt",135,143,81,166,152,160,88,205,320,374,523,"the-horse-whisperer","the-horse-whisperer",6.6
"265","tt0119349","Ice-Storm,-The.txt",105,114,78,118,111,112,78,160,259,275,544,"the-ice-storm","the-ice-storm",7.4
"266","tt0119381","Inventing-the-Abbotts.txt",108,108,75,114,106,116,76,136,236,254,566,"inventing-the-abbotts","inventing-the-abbotts",6.4
"267","tt0119396","Jackie-Brown.txt",100,106,67,123,81,98,62,145,235,233,576,"jackie-brown","jackie-brown",7.5
"268","tt0119485","Kundun.txt",122,129,77,163,113,132,80,191,272,320,610,"kundun","kundun",7
"269","tt0119528","Liar-Liar.txt",131,127,90,151,106,144,85,171,273,268,637,"liar-liar","liar-liar",6.9
"270","tt0119643","Meet-Joe-Black.txt",111,177,74,164,145,128,98,201,270,386,703,"meet-joe-black","meet-joe-black",7.2
"271","tt0119654","Men-in-Black.txt",143,127,116,189,104,125,87,150,326,290,708,"men-in-black","men-in-black",7.3
"272","tt0119664","Metro.txt",127,131,88,170,99,120,79,165,297,277,710,"metro","metro",5.5
"273","tt0119675","Mimic.txt",127,100,110,165,78,132,70,138,325,238,719,"mimic","mimic",6
"274","tt0119738","My-Best-Friend's-Wedding.txt",167,176,132,195,174,166,114,212,383,412,745,"my-best-friend's-wedding","my-best-friend's-wedding",6.3
"275","tt0119822","As-Good-As-It-Gets.txt",119,122,95,155,127,145,86,156,296,309,103,"as-good-as-it-gets","as-good-as-it-gets",7.7
"276","tt0119925","Postman,-The.txt",160,145,113,211,112,157,85,188,382,320,823,"the-postman","the-postman",6.1
"277","tt0120004","Relic,-The.txt",148,133,127,237,107,154,98,170,367,318,860,"the-relic","the-relic",5.8
"279","tt0120082","Scream-2.txt",127,97,72,159,78,111,65,120,277,219,904,"scream-2","scream-2",6.2
"280","tt0120157","Soldier.txt",180,129,125,246,109,175,98,158,424,312,956,"soldier","soldier",6.1
"281","tt0120184","Sphere.txt",92,92,78,158,62,98,62,129,235,220,966,"sphere","sphere",6.1
"282","tt0120188","Three-Kings.txt",133,95,97,176,83,134,77,134,288,240,1035,"three-kings","three-kings",7.1
"283","tt0120201","Starship-Troopers.txt",152,143,112,199,115,148,85,185,319,310,983,"starship-troopers","starship-troopers",7.2
"284","tt0120202","State-and-Main.txt",83,98,63,92,74,81,50,141,175,214,984,"state-and-main","state-and-main",6.8
"285","tt0120255","Sweet-Hereafter,-The.txt",72,89,53,101,84,94,58,123,192,200,1005,"the-sweet-hereafter","the-sweet-hereafter",7.5
"286","tt0120338","Titanic.txt",192,181,127,225,176,185,137,223,419,433,1046,"titanic","titanic",7.8
"287","tt0120347","Tomorrow-Never-Dies.txt",194,155,113,255,122,171,112,207,410,379,1050,"tomorrow-never-dies","tomorrow-never-dies",6.5
"288","tt0120382","Truman-Show,-The.txt",146,181,93,183,134,162,104,203,373,386,1067,"the-truman-show","the-truman-show",8.1
"289","tt0120399","U-Turn.txt",144,109,114,177,89,133,78,137,315,238,1073,"u-turn","u-turn",6.7
"290","tt0120586","American-History-X.txt",128,104,94,142,90,114,74,134,255,222,63,"american-history-x","american-history-x",8.5
"291","tt0120587","Antz.txt",112,130,95,153,113,117,77,148,278,255,88,"antz","antz",6.5
"292","tt0120591","Armageddon.txt",136,123,98,174,91,125,88,164,309,275,98,"armageddon","armageddon",6.7
"293","tt0120603","Beloved.txt",134,131,112,180,125,160,87,156,342,295,153,"beloved","beloved",6
"294","tt0120611","Blade.txt",181,143,145,258,107,172,100,172,433,311,174,"blade","blade",7.1
"295","tt0120616","Mummy,-The.txt",173,109,136,221,88,152,89,136,373,237,742,"the-mummy","the-mummy",7.1
"296","tt0120655","Dogma.txt",181,169,132,224,161,192,103,256,434,420,335,"dogma","dogma",7.3
"298","tt0120667","Fantastic-Four.txt",138,131,92,195,115,144,94,174,322,302,381,"fantastic-four","fantastic-four",5.7
"299","tt0120669","Fear-and-Loathing-in-Las-Vegas.txt",168,143,130,206,119,158,95,178,396,295,387,"fear-and-loathing-in-las-vegas","fear-and-loathing-in-las-vegas",7.6
"300","tt0120684","Gods-and-Monsters.txt",133,144,97,177,132,154,88,169,343,321,456,"gods-and-monsters","gods-and-monsters",7.4
"301","tt0120685","Godzilla.txt",132,107,75,185,66,124,85,131,310,245,457,"godzilla","godzilla",5.4
"302","tt0120689","Green-Mile,-The.txt",167,141,130,207,117,164,94,175,380,290,471,"the-green-mile","the-green-mile",8.6
"303","tt0120696","Hard-Rain.txt",95,85,68,126,67,93,61,104,221,166,490,"hard-rain","hard-rain",5.9
"304","tt0120735","Lock,-Stock-and-Two-Smoking-Barrels.txt",109,98,81,134,76,107,62,111,254,218,652,"lock,-stock-and-two-smoking-barrels","lock,-stock-and-two-smoking-barrels",8.2
"305","tt0120738","Lost-in-Space.txt",133,112,85,187,103,132,78,163,316,303,666,"lost-in-space","lost-in-space",5.2
"306","tt0120751","Mighty-Joe-Young.txt",155,153,95,205,125,145,95,174,350,324,715,"mighty-joe-young","mighty-joe-young",5.7
"307","tt0120762","Mulan.txt",91,104,56,117,85,80,73,121,207,226,739,"mulan","mulan",7.7
"308","tt0120812","Rush-Hour.txt",151,119,115,189,89,139,89,161,353,302,888,"rush-hour","rush-hour",7
"309","tt0120815","Saving-Private-Ryan.txt",119,95,77,156,78,115,59,146,256,240,897,"saving-private-ryan","saving-private-ryan",8.6
"310","tt0120824","Shipping-News,-The.txt",163,183,143,221,169,186,118,226,417,433,927,"the-shipping-news","the-shipping-news",6.7
"311","tt0120834","Snow-Falling-On-Cedars.txt",191,164,132,230,150,196,119,229,427,413,951,"snow-falling-on-cedars","snow-falling-on-cedars",6.8
"312","tt0120885","Wag-the-Dog.txt",98,126,61,132,106,122,68,181,232,306,1090,"wag-the-dog","wag-the-dog",7.1
"313","tt0120890","Wild-Things.txt",127,131,101,165,101,126,77,140,305,255,1120,"wild-things","wild-things",6.5
"316","tt0122690","Ronin.txt",146,119,98,189,97,123,88,150,297,290,880,"ronin","ronin",7.3
"317","tt0122933","Analyze-This.txt",127,117,82,150,107,125,71,148,278,249,80,"analyze-this","analyze-this",6.7
"319","tt0123964","Life.txt",156,147,103,172,139,150,83,190,331,332,641,"life","life",6.8
"320","tt0124198","Very-Bad-Things.txt",141,119,99,173,98,135,78,148,305,250,1086,"very-bad-things","very-bad-things",6.3
"321","tt0124315","Cider-House-Rules,-The.txt",112,128,87,145,117,137,90,149,274,279,249,"the-cider-house-rules","the-cider-house-rules",7.4
"322","tt0125664","Man-on-the-Moon.txt",186,163,124,207,154,172,107,203,383,355,680,"man-on-the-moon","man-on-the-moon",7.4
"323","tt0126029","Shrek.txt",70,92,68,91,90,70,59,108,173,194,930,"shrek","shrek",7.9
"324","tt0126886","Election.txt",123,152,87,146,137,135,95,198,300,323,357,"election","election",7.2
"325","tt0128445","Rushmore.txt",95,109,63,106,85,106,73,137,215,239,889,"rushmore","rushmore",7.7
"327","tt0130018","I-Still-Know-What-You-Did-Last-Summer.txt",89,99,71,137,91,106,64,121,241,227,541,"i-still-know-what-you-did-last-summer","i-still-know-what-you-did-last-summer",4.7
"329","tt0133093","Matrix,-The.txt",136,99,101,184,75,124,68,160,308,252,699,"the-matrix","the-matrix",8.7
"330","tt0133952","Siege,-The.txt",160,121,91,212,89,138,83,200,328,304,933,"the-siege","the-siege",6.4
"331","tt0134084","Scream-3.txt",105,92,79,147,82,108,66,122,252,216,905,"scream-3","scream-3",5.6
"332","tt0134119","Talented-Mr.-Ripley,-The.txt",113,138,88,137,121,124,82,168,262,271,1015,"the-talented-mr.-ripley","the-talented-mr.-ripley",7.4
"333","tt0134273","8MM.txt",136,139,122,185,114,162,74,181,342,297,21,"8mm","8mm",6.5
"334","tt0134847","Pitch-Black.txt",112,99,76,150,77,115,79,127,278,225,816,"pitch-black","pitch-black",7.1
"335","tt0137523","Fight-Club.txt",155,134,111,191,124,156,96,178,357,314,392,"fight-club","fight-club",8.8
"336","tt0138097","Shakespeare-in-Love.txt",148,164,106,175,156,166,103,197,346,353,918,"shakespeare-in-love","shakespeare-in-love",7.1
"337","tt0138524","Intolerable-Cruelty.txt",130,147,80,152,137,128,83,173,277,306,565,"intolerable-cruelty","intolerable-cruelty",6.2
"338","tt0138704","Pi.txt",84,82,53,91,72,72,54,106,182,193,810,"pi","pi",7.4
"339","tt0139134","Cruel-Intentions.txt",92,115,82,105,110,114,71,139,234,252,289,"cruel-intentions","cruel-intentions",6.8
"340","tt0139239","Go.txt",113,102,82,139,100,109,76,152,281,244,452,"go","go",7.2
"341","tt0139414","Lake-Placid.txt",108,88,80,132,73,113,62,115,247,192,617,"lake-placid","lake-placid",5.7
"342","tt0139654","Training-Day.txt",111,96,80,149,89,110,71,145,254,230,1056,"training-day","training-day",7.7
"343","tt0140352","Insider,-The.txt",136,146,70,161,101,128,72,196,285,313,558,"the-insider","the-insider",7.8
"344","tt0140397","Mumford.txt",158,163,116,164,150,149,102,205,342,363,741,"mumford","mumford",6.8
"345","tt0142688","Ninth-Gate,-The.txt",81,85,60,113,56,98,44,120,218,189,771,"the-ninth-gate","the-ninth-gate",6.7
"346","tt0143145","World-is-not-Enough,-The.txt",161,128,91,236,99,156,88,183,363,291,1132,"the-world-is-not-enough","the-world-is-not-enough",6.4
"347","tt0144084","American-Psycho.txt",109,104,91,123,105,117,65,148,266,272,70,"american-psycho","american-psycho",7.6
"348","tt0144117","Boondock-Saints,-The.txt",149,128,113,169,114,138,89,186,324,306,192,"the-boondock-saints","the-boondock-saints",7.7
"349","tt0145487","Spider-Man.txt",158,138,101,192,104,134,104,150,347,279,967,"spider-man","spider-man",7.3
"350","tt0146309","Thirteen-Days.txt",187,167,109,229,121,169,106,248,396,421,1029,"thirteen-days","thirteen-days",7.3
"351","tt0146882","High-Fidelity.txt",131,125,108,146,111,150,72,148,304,290,513,"high-fidelity","high-fidelity",7.5
"352","tt0147800","10-Things-I-Hate-About-You.txt",135,121,95,146,121,118,81,162,289,277,1,"10-things-i-hate-about-you","10-things-i-hate-about-you",7.3
"354","tt0151804","Office-Space.txt",55,59,44,65,58,64,40,79,136,131,781,"office-space","office-space",7.7
"355","tt0157503","Drop-Dead-Gorgeous.txt",86,119,60,112,114,101,85,133,212,246,343,"drop-dead-gorgeous","drop-dead-gorgeous",6.6
"356","tt0159365","Cold-Mountain.txt",172,161,145,228,141,186,91,200,435,344,262,"cold-mountain","cold-mountain",7.2
"357","tt0159382","Croupier.txt",91,110,82,127,92,84,67,118,217,219,285,"croupier","croupier",7.1
"358","tt0160127","Charlie's-Angels.txt",117,130,83,141,111,96,87,158,266,291,241,"charlie's-angels","charlie's-angels",5.6
"359","tt0162222","Cast-Away.txt",122,131,88,148,106,150,77,147,297,290,230,"cast-away","cast-away",7.8
"360","tt0162346","Ghost-World.txt",89,123,84,106,116,117,76,151,252,288,446,"ghost-world","ghost-world",7.3
"361","tt0162661","Sleepy-Hollow.txt",162,135,124,217,86,173,80,159,399,261,944,"sleepy-hollow","sleepy-hollow",7.3
"363","tt0163187","Runaway-Bride.txt",125,152,84,134,153,121,88,186,275,345,885,"runaway-bride","runaway-bride",5.6
"364","tt0163651","American-Pie.txt",100,112,80,118,116,88,79,137,249,272,68,"american-pie","american-pie",7
"366","tt0163988","Bringing-Out-the-Dead.txt",112,77,71,154,72,134,56,122,271,202,210,"bringing-out-the-dead","bringing-out-the-dead",6.8
"367","tt0164052","Hollow-Man.txt",126,104,79,175,68,117,73,128,290,225,520,"hollow-man","hollow-man",5.8
"368","tt0164181","Stir-of-Echoes.txt",113,106,88,144,81,108,62,119,261,215,988,"stir-of-echoes","stir-of-echoes",7
"369","tt0165710","Detroit-Rock-City.txt",173,151,153,222,135,159,108,197,416,336,323,"detroit-rock-city","detroit-rock-city",6.9
"370","tt0165854","Limey,-The.txt",120,129,78,156,107,121,88,171,290,296,643,"the-limey","the-limey",7
"372","tt0166276","Monkeybone.txt",135,146,111,198,121,143,114,172,370,319,729,"monkeybone","monkeybone",4.8
"373","tt0166924","Mulholland-Drive.txt",81,99,77,121,80,94,67,111,206,196,740,"mulholland-drive","mulholland-drive",7.9
"374","tt0167190","Hellboy.txt",144,117,111,218,98,141,78,153,365,301,503,"hellboy","hellboy",6.8
"376","tt0167456","Thunderbirds.txt",71,82,44,100,66,70,62,96,157,169,1038,"thunderbirds","thunderbirds",4.3
"377","tt0169547","American-Beauty.txt",102,110,90,127,102,115,70,141,256,257,60,"american-beauty","american-beauty",8.3
"378","tt0171363","Haunting,-The.txt",160,138,113,213,105,177,104,156,372,307,493,"the-haunting","the-haunting",5
"380","tt0172495","Gladiator.txt",168,144,113,227,129,159,93,204,356,345,450,"gladiator","gladiator",8.5
"381","tt0173716","Cecil-B.-Demented.txt",160,124,127,187,118,151,101,163,351,271,233,"cecil-b.-demented","cecil-b.-demented",6.2
"382","tt0174480","Autumn-in-New-York.txt",128,165,95,164,163,162,113,171,350,353,111,"autumn-in-new-york","autumn-in-new-york",5.7
"383","tt0175526","Cherry-Falls.txt",115,89,82,135,81,114,64,118,251,206,244,"cherry-falls","cherry-falls",5.2
"384","tt0175880","Magnolia.txt",132,127,96,155,106,140,91,167,291,285,673,"magnolia","magnolia",8
"385","tt0178868","Ringu.txt",71,79,56,106,48,95,56,93,205,156,870,"ringu","ringu",7.2
"386","tt0179626","15-Minutes.txt",130,111,85,150,96,126,74,152,292,254,8,"15-minutes","15-minutes",6.1
"387","tt0181865","Traffic.txt",152,156,119,188,127,148,86,224,360,359,1055,"traffic","traffic",7.6
"389","tt0183523","Mission-to-Mars.txt",133,163,91,198,133,161,103,179,345,341,727,"mission-to-mars","mission-to-mars",5.7
"390","tt0184858","Reindeer-Games.txt",141,123,91,151,103,119,75,143,298,231,859,"reindeer-games","reindeer-games",5.8
"391","tt0185014","Wonder-Boys.txt",93,124,79,128,111,129,92,162,269,296,1129,"wonder-boys","wonder-boys",7.3
"392","tt0185431","Little-Nicky.txt",110,112,90,137,96,106,68,121,248,222,650,"little-nicky","little-nicky",5.3
"394","tt0187078","Gone-in-60-Seconds.txt",141,144,115,202,123,146,86,175,339,314,459,"gone-in-60-seconds","gone-in-60-seconds",6.5
"395","tt0187393","Patriot,-The.txt",154,150,94,202,121,167,96,198,349,336,797,"the-patriot","the-patriot",7.2
"397","tt0190332","Crouching-Tiger,-Hidden-Dragon.txt",97,97,64,134,85,92,56,137,201,223,284,"crouching-tiger,-hidden-dragon","crouching-tiger,-hidden-dragon",7.8
"398","tt0191397","Replacements,-The.txt",123,114,83,132,103,118,65,154,253,270,862,"the-replacements","the-replacements",6.6
"399","tt0195714","Final-Destination.txt",150,130,103,222,85,157,89,158,352,259,395,"final-destination","final-destination",6.7
"400","tt0195945","Next-Friday.txt",75,83,53,90,61,80,43,82,167,141,758,"next-friday","next-friday",6.2
"401","tt0196158","Ticker.txt",110,79,76,136,61,95,58,102,229,177,1040,"ticker","ticker",3.6
"402","tt0203230","You-Can-Count-On-Me.txt",72,92,53,92,73,81,54,109,182,185,1141,"you-can-count-on-me","you-can-count-on-me",7.5
"403","tt0206275","Save-the-Last-Dance.txt",143,136,103,161,135,139,86,162,337,324,895,"save-the-last-dance","save-the-last-dance",6.2
"404","tt0209144","Memento.txt",108,101,83,143,80,134,63,138,298,231,706,"memento","memento",8.4
"405","tt0209958","Cell,-The.txt",130,151,124,206,111,157,88,187,355,309,235,"the-cell","the-cell",6.4
"406","tt0211443","Jason-X.txt",118,96,88,153,71,116,66,118,274,220,579,"jason-x","jason-x",4.4
"408","tt0215545","Bamboozled.txt",137,136,97,168,144,125,89,172,300,319,130,"bamboozled","bamboozled",6.6
"409","tt0217505","Gangs-of-New-York.txt",235,191,151,277,186,207,136,250,489,464,433,"gangs-of-new-york","gangs-of-new-york",7.5
"410","tt0217869","Unbreakable.txt",102,113,77,149,91,98,71,144,242,241,1076,"unbreakable","unbreakable",7.3
"411","tt0218967","Family-Man,-The.txt",105,156,80,126,147,110,100,180,253,317,380,"the-family-man","the-family-man",6.8
"412","tt0219822","Human-Nature.txt",119,126,115,135,139,122,94,176,284,313,533,"human-nature","human-nature",6.4
"413","tt0221027","Blow.txt",115,123,78,142,116,111,72,164,252,261,180,"blow","blow",7.6
"414","tt0225071","Angel-Eyes.txt",131,117,72,155,102,130,90,149,269,253,82,"angel-eyes","angel-eyes",5.7
"415","tt0227005","Made.txt",101,109,78,118,86,88,56,119,219,225,672,"made","made",6.4
"416","tt0233469","Collateral-Damage.txt",159,126,99,215,92,139,96,165,344,293,264,"collateral-damage","collateral-damage",5.5
"417","tt0234215","Matrix-Reloaded,-The.txt",139,106,87,176,85,131,71,144,290,255,698,"the-matrix-reloaded","the-matrix-reloaded",7.2
"418","tt0235737","Salton-Sea,-The.txt",120,90,88,157,74,111,64,127,277,218,893,"the-salton-sea","the-salton-sea",7.1
"419","tt0238546","Queen-of-the-Damned.txt",136,151,105,216,149,163,104,165,348,341,846,"queen-of-the-damned","queen-of-the-damned",5.3
"420","tt0240772","Ocean's-Eleven.txt",130,127,75,167,99,116,82,162,282,294,779,"ocean's-eleven","ocean's-eleven",7.7
"421","tt0243133","Man-Who-Wasn't-There,-The.txt",103,107,73,128,92,107,68,152,243,257,683,"the-man-who-wasn't-there","the-man-who-wasn't-there",7.5
"422","tt0244000","American-Outlaws.txt",159,98,90,155,97,138,85,158,298,249,67,"american-outlaws","american-outlaws",6
"423","tt0247199","Believer,-The.txt",158,122,100,177,108,131,76,160,319,295,151,"the-believer","the-believer",7.1
"424","tt0248667","Ali.txt",178,169,93,197,139,152,105,232,368,367,45,"ali","ali",6.8
"425","tt0250081","Storytelling.txt",54,75,51,69,68,66,40,92,135,148,989,"storytelling","storytelling",6.8
"426","tt0250494","Legally-Blonde.txt",115,143,79,121,135,104,79,182,251,319,630,"legally-blonde","legally-blonde",6.4
"428","tt0251736","House-of-1000-Corpses.txt",120,98,119,151,94,126,77,143,306,229,528,"house-of-1000-corpses","house-of-1000-corpses",6.1
"429","tt0253474","Pianist,-The.txt",118,102,96,159,94,127,79,140,298,227,811,"the-pianist","the-pianist",8.5
"430","tt0254099","Anniversary-Party,-The.txt",89,107,80,100,110,98,70,128,224,227,85,"the-anniversary-party","the-anniversary-party",6.3
"432","tt0258463","Bourne-Identity,-The.txt",112,93,76,160,59,122,66,122,279,191,196,"the-bourne-identity","the-bourne-identity",7.9
"433","tt0259324","Ghost-Rider.txt",210,127,139,267,98,202,94,147,477,273,444,"ghost-rider","ghost-rider",5.3
"434","tt0259711","Vanilla-Sky.txt",119,143,80,175,140,141,90,169,276,317,1084,"vanilla-sky","vanilla-sky",6.9
"435","tt0261392","Jay-and-Silent-Bob-Strike-Back.txt",140,110,96,150,90,106,79,153,300,257,582,"jay-and-silent-bob-strike-back","jay-and-silent-bob-strike-back",6.8
"436","tt0264395","Basic.txt",127,93,88,165,71,134,66,140,280,219,134,"basic","basic",6.5
"437","tt0264464","Catch-Me-If-You-Can.txt",97,114,64,126,105,104,60,175,227,291,231,"catch-me-if-you-can","catch-me-if-you-can",8.1
"439","tt0266452","Death-to-Smoochy.txt",144,148,115,175,131,141,94,197,334,339,313,"death-to-smoochy","death-to-smoochy",6.3
"440","tt0266543","Finding-Nemo.txt",48,66,38,59,63,54,41,77,120,146,396,"finding-nemo","finding-nemo",8.1
"441","tt0266915","Rush-Hour-2.txt",105,101,64,127,82,94,63,121,230,213,887,"rush-hour-2","rush-hour-2",6.6
"442","tt0268695","Time-Machine,-The.txt",118,137,85,179,106,121,91,146,317,287,1042,"the-time-machine","the-time-machine",6
"443","tt0270288","Confessions-of-a-Dangerous-Mind.txt",146,164,119,159,142,144,89,187,320,325,269,"confessions-of-a-dangerous-mind","confessions-of-a-dangerous-mind",7
"444","tt0271367","Eight-Legged-Freaks.txt",117,92,91,167,74,99,77,100,265,202,355,"eight-legged-freaks","eight-legged-freaks",5.4
"446","tt0279113","Good-Girl,-The.txt",56,61,50,67,58,70,39,69,131,122,460,"the-good-girl","the-good-girl",6.4
"448","tt0286106","Signs.txt",94,82,60,126,69,94,59,103,228,179,934,"signs","signs",6.7
"449","tt0288477","Ghost-Ship.txt",91,82,64,125,65,87,56,106,250,199,445,"ghost-ship","ghost-ship",5.5
"450","tt0289879","Butterfly-Effect,-The.txt",147,137,115,196,129,159,101,163,352,292,222,"the-butterfly-effect","the-butterfly-effect",7.6
"451","tt0289992","Life-of-David-Gale,-The.txt",115,131,82,137,101,123,68,175,275,297,639,"the-life-of-david-gale","the-life-of-david-gale",7.5
"452","tt0295701","xXx.txt",164,132,104,201,104,148,99,159,323,285,1137,"xxx","xxx",5.9
"453","tt0305206","American-Splendor.txt",116,117,90,137,111,132,82,136,275,268,73,"american-splendor","american-splendor",7.4
"454","tt0306685","Cradle-2-the-Grave.txt",110,96,59,149,75,89,59,116,228,208,276,"cradle-2-the-grave","cradle-2-the-grave",5.8
"455","tt0307479","Solaris.txt",81,85,57,114,63,89,44,92,200,174,955,"solaris","solaris",6.2
"456","tt0307901","25th-Hour.txt",103,112,81,133,96,94,60,135,260,244,13,"25th-hour","25th-hour",7.6
"457","tt0307987","Bad-Santa.txt",92,92,68,97,88,92,60,119,224,210,127,"bad-santa","bad-santa",7
"458","tt0309593","Final-Destination-2.txt",139,121,100,203,89,157,107,144,372,256,394,"final-destination-2","final-destination-2",6.2
"459","tt0310910","Confidence.txt",108,106,83,146,86,112,63,142,260,235,270,"confidence","confidence",6.7
"460","tt0315327","Bruce-Almighty.txt",100,131,85,145,132,108,84,171,244,307,215,"bruce-almighty","bruce-almighty",6.8
"461","tt0317705","Incredibles,-The.txt",68,84,41,96,75,72,63,105,167,195,550,"the-incredibles","the-incredibles",8
"462","tt0317740","Italian-Job,-The.txt",108,119,79,152,85,100,72,142,257,239,574,"the-italian-job","the-italian-job",7
"463","tt0318374","Cooler,-The.txt",118,130,88,135,114,135,90,148,294,259,272,"the-cooler","the-cooler",6.9
"464","tt0324127","Suspect-Zero.txt",155,122,113,206,94,149,77,159,353,274,1003,"suspect-zero","suspect-zero",5.8
"465","tt0325710","Last-Samurai,-The.txt",196,167,117,230,143,154,108,234,411,423,624,"the-last-samurai","the-last-samurai",7.7
"466","tt0327554","Catwoman.txt",162,143,130,199,106,166,105,169,381,312,232,"catwoman","catwoman",3.4
"467","tt0327597","Coraline.txt",116,115,84,154,115,113,78,123,302,254,274,"coraline","coraline",7.7
"468","tt0328099","Malibu's-Most-Wanted.txt",130,104,82,147,93,109,72,139,257,230,677,"malibu's-most-wanted","malibu's-most-wanted",5.2
"469","tt0328107","Man-On-Fire.txt",135,132,94,186,119,144,81,207,321,333,679,"man-on-fire","man-on-fire",7.7
"470","tt0329101","Freddy-vs.-Jason.txt",154,115,122,227,87,157,78,155,351,230,411,"freddy-vs.-jason","freddy-vs.-jason",5.7
"471","tt0333766","Garden-State.txt",97,120,71,114,101,100,66,137,244,243,434,"garden-state","garden-state",7.4
"472","tt0335245","Ladykillers,-The.txt",137,138,112,161,137,146,95,206,344,367,616,"the-ladykillers","the-ladykillers",6.2
"473","tt0335266","Lost-in-Translation.txt",47,93,29,56,94,61,54,96,120,177,667,"lost-in-translation","lost-in-translation",7.7
"474","tt0337741","Something's-Gotta-Give.txt",92,128,75,124,129,119,82,151,229,289,958,"something's-gotta-give","something's-gotta-give",6.7
"475","tt0337921","Cellular.txt",162,125,98,205,95,144,96,159,352,257,236,"cellular","cellular",6.5
"476","tt0338013","Eternal-Sunshine-of-the-Spotless-Mind.txt",101,107,94,122,104,134,69,124,272,236,368,"eternal-sunshine-of-the-spotless-mind","eternal-sunshine-of-the-spotless-mind",8.3
"477","tt0340163","Hostage.txt",138,97,86,164,72,119,60,125,278,200,525,"hostage","hostage",6.5
"478","tt0348836","Gothika.txt",150,133,93,195,109,157,83,182,359,306,462,"gothika","gothika",5.8
"479","tt0349903","Ocean's-Twelve.txt",88,109,74,121,98,97,64,165,240,293,780,"ocean's-twelve","ocean's-twelve",6.5
"480","tt0359950","Secret-Life-of-Walter-Mitty,-The.txt",65,119,29,86,110,69,70,142,169,279,908,"the-secret-life-of-walter-mitty","the-secret-life-of-walter-mitty",7.3
"481","tt0360009","Spartan.txt",92,98,75,125,75,103,55,154,229,246,964,"spartan","spartan",6.5
"482","tt0360486","Constantine.txt",162,126,128,220,101,167,83,169,361,291,271,"constantine","constantine",7
"483","tt0360717","King-Kong.txt",147,135,120,226,99,146,90,137,404,277,604,"king-kong","king-kong",7.2
"484","tt0361127","Woodsman,-The.txt",79,82,67,83,78,80,54,101,180,169,1131,"the-woodsman","the-woodsman",7.2
"485","tt0361748","Inglourious-Basterds.txt",181,158,119,228,143,173,97,218,389,410,557,"inglourious-basterds","inglourious-basterds",8.3
"486","tt0362478","Box,-The.txt",95,114,65,143,94,116,69,158,226,257,199,"the-box","the-box",5.6
"487","tt0363282","New-York-Minute.txt",99,108,78,132,81,115,71,131,272,246,755,"new-york-minute","new-york-minute",5
"488","tt0364045","Taking-Lives.txt",143,130,97,186,94,148,78,157,318,276,1012,"taking-lives","taking-lives",6.2
"489","tt0365737","Syriana.txt",149,164,107,179,151,135,93,265,338,437,1010,"syriana","syriana",6.9
"490","tt0366627","Jacket,-The.txt",143,119,92,200,96,168,79,151,347,266,575,"the-jacket","the-jacket",7.1
"491","tt0368008","Manchurian-Candidate,-The.txt",172,161,113,221,145,175,110,240,396,414,684,"the-manchurian-candidate","the-manchurian-candidate",6.6
"492","tt0368447","Village,-The.txt",72,90,40,115,78,92,55,113,179,194,1087,"the-village","the-village",6.5
"493","tt0369226","Alone-in-the-Dark.txt",115,99,66,166,63,103,79,116,262,216,57,"alone-in-the-dark","alone-in-the-dark",2.4
"494","tt0370263","Alien-vs.-Predator.txt",174,116,126,243,74,161,99,134,417,273,49,"alien-vs.-predator","alien-vs.-predator",5.6
"495","tt0371724","Hitchhiker's-Guide-to-the-Galaxy,-The.txt",144,129,103,159,116,129,85,175,326,320,519,"the-hitchhiker's-guide-to-the-galaxy","the-hitchhiker's-guide-to-the-galaxy",6.7
"496","tt0372183","Bourne-Supremacy,-The.txt",112,92,67,152,62,121,65,131,256,206,197,"the-bourne-supremacy","the-bourne-supremacy",7.7
"497","tt0374900","Napoleon-Dynamite.txt",19,24,10,20,15,11,11,28,34,44,750,"napoleon-dynamite","napoleon-dynamite",6.9
"498","tt0375063","Sideways.txt",114,147,95,136,139,136,88,180,288,324,932,"sideways","sideways",7.5
"499","tt0379725","Capote.txt",93,109,57,106,99,112,52,135,200,256,225,"capote","capote",7.3
"500","tt0379786","Serenity.txt",157,137,116,197,111,150,88,165,357,306,911,"serenity","serenity",7.8
"501","tt0383028","Synecdoche,-New-York.txt",102,123,101,142,109,152,75,135,297,252,1009,"synecdoche,-new-york","synecdoche,-new-york",7.6
"502","tt0387564","Saw.txt",137,89,107,156,66,128,52,97,289,176,898,"saw","saw",7.6
"503","tt0387877","Black-Dahlia,-The.txt",196,151,168,224,128,186,104,215,450,362,165,"the-black-dahlia","the-black-dahlia",5.6
"504","tt0391198","Grudge,-The.txt",68,85,66,102,57,102,55,104,220,173,477,"the-grudge","the-grudge",5.9
"505","tt0393109","Brick.txt",95,96,67,124,81,108,64,128,243,218,208,"brick","brick",7.2
"506","tt0395169","Hotel-Rwanda.txt",133,111,90,179,102,132,88,157,306,278,527,"hotel-rwanda","hotel-rwanda",8.1
"507","tt0395699","Pacifier,-The.txt",138,129,91,176,114,113,94,163,303,279,790,"the-pacifier","the-pacifier",5.6
"508","tt0399201","Island,-The.txt",207,198,141,279,129,219,133,220,525,416,570,"the-island","the-island",6.8
"509","tt0399295","Lord-of-War.txt",159,159,107,205,130,149,98,216,373,368,662,"lord-of-war","lord-of-war",7.6
"510","tt0402850","Big-White,-The.txt",128,126,87,148,100,127,83,164,309,269,160,"the-big-white","the-big-white",6.4
"511","tt0402910","Chaos.txt",124,113,73,154,78,104,72,160,270,254,239,"chaos","chaos",6.5
"512","tt0405296","A-Scanner-Darkly.txt",134,130,111,171,87,145,84,147,369,277,27,"a-scanner-darkly","a-scanner-darkly",7.1
"513","tt0405676","All-the-King's-Men.txt",114,104,70,130,91,116,76,154,248,226,54,"all-the-king's-men","all-the-king's-men",6.2
"514","tt0407304","War-of-the-Worlds.txt",90,78,56,120,57,83,51,76,197,147,1099,"war-of-the-worlds","war-of-the-worlds",6.5
"515","tt0407887","Departed,-The.txt",141,127,107,185,119,146,82,206,335,330,320,"the-departed","the-departed",8.5
"516","tt0409459","Watchmen.txt",194,148,130,245,116,190,108,172,408,323,1102,"watchmen","watchmen",7.6
"517","tt0413267","Shrek-the-Third.txt",120,129,99,147,137,104,92,165,276,305,929,"shrek-the-third","shrek-the-third",6.1
"518","tt0417217","Two-For-The-Money.txt",130,147,79,145,124,128,90,176,280,313,1072,"two-for-the-money","two-for-the-money",6.3
"519","tt0418819","Land-of-the-Dead.txt",118,107,84,156,84,122,66,122,285,220,618,"land-of-the-dead","land-of-the-dead",6.2
"520","tt0421715","Curious-Case-of-Benjamin-Button,-The.txt",123,170,91,164,152,155,96,201,310,353,292,"the-curious-case-of-benjamin-button","the-curious-case-of-benjamin-button",7.8
"521","tt0425253","Mini's-First-Time.txt",130,132,81,164,119,143,88,178,308,310,720,"mini's-first-time","mini's-first-time",5.8
"522","tt0430357","Miami-Vice.txt",110,118,70,158,90,94,65,144,266,259,711,"miami-vice","miami-vice",6
"523","tt0431197","Kingdom,-The.txt",173,136,104,231,102,150,99,199,360,326,606,"the-kingdom","the-kingdom",7
"524","tt0434409","V-for-Vendetta.txt",172,140,139,241,117,182,101,200,412,328,1082,"v-for-vendetta","v-for-vendetta",8.1
"525","tt0436697","Queen,-The.txt",111,115,60,133,94,117,68,173,235,266,847,"the-queen","the-queen",7.3
"526","tt0438488","Terminator-Salvation.txt",130,132,96,195,99,146,89,164,341,279,1021,"terminator-salvation","terminator-salvation",6.5
"527","tt0439815","Slither.txt",112,103,106,159,90,120,69,123,302,219,946,"slither","slither",6.5
"528","tt0440963","Bourne-Ultimatum,-The.txt",98,74,38,136,31,90,47,109,221,164,198,"the-bourne-ultimatum","the-bourne-ultimatum",8
"529","tt0441773","Kung-Fu-Panda.txt",100,86,56,109,79,88,67,103,213,184,611,"kung-fu-panda","kung-fu-panda",7.6
"530","tt0443272","Lincoln.txt",198,178,146,242,148,199,95,252,463,410,646,"lincoln","lincoln",7.3
"531","tt0448157","Hancock.txt",187,136,144,218,110,169,93,160,414,289,483,"hancock","hancock",6.4
"532","tt0451279","Wonder-Woman.txt",193,156,119,233,143,160,113,204,382,356,1130,"wonder-woman","wonder-woman",7.4
"533","tt0452623","Gone-Baby-Gone.txt",110,102,86,153,80,138,67,145,282,231,458,"gone-baby-gone","gone-baby-gone",7.6
"534","tt0453556","TMNT.txt",166,150,95,205,126,128,97,184,336,327,1047,"tmnt","tmnt",6.2
"535","tt0453562","42.txt",132,136,86,154,123,133,77,179,281,307,16,"42","42",7.5
"536","tt0454841","Hills-Have-Eyes,-The.txt",123,91,95,169,77,129,64,102,294,197,516,"the-hills-have-eyes","the-hills-have-eyes",6.4
"537","tt0454876","Life-of-Pi.txt",101,121,73,158,114,120,74,145,287,284,640,"life-of-pi","life-of-pi",7.9
"538","tt0458352","Devil-Wears-Prada,-The.txt",89,107,78,102,103,90,69,143,217,271,326,"the-devil-wears-prada","the-devil-wears-prada",6.9
"539","tt0462200","Black-Snake-Moan.txt",125,109,88,147,109,131,66,148,313,263,168,"black-snake-moan","black-snake-moan",6.9
"540","tt0467197","Max-Payne.txt",155,121,102,239,85,176,90,147,384,256,700,"max-payne","max-payne",5.3
"541","tt0467200","Other-Boleyn-Girl,-The.txt",149,162,109,186,147,172,89,209,341,367,788,"the-other-boleyn-girl","the-other-boleyn-girl",6.7
"542","tt0467406","Juno.txt",105,127,92,127,132,115,87,154,260,281,593,"juno","juno",7.4
"543","tt0470752","Ex-Machina.txt",73,91,49,91,65,74,65,101,175,204,373,"ex-machina","ex-machina",7.7
"544","tt0472033","9.txt",117,101,69,160,79,122,79,106,278,201,22,"9","9",7.1
"545","tt0475394","Smokin'-Aces.txt",196,142,147,253,90,193,100,197,489,337,949,"smokin'-aces","smokin'-aces",6.7
"546","tt0478311","Knocked-Up.txt",97,105,80,108,99,101,73,113,208,210,608,"knocked-up","knocked-up",6.9
"547","tt0479884","Crank.txt",132,102,100,161,77,114,89,113,309,223,277,"crank","crank",6.9
"548","tt0480255","Losers,-The.txt",139,112,86,165,78,127,80,158,294,242,663,"the-losers","the-losers",6.3
"549","tt0480687","Hall-Pass.txt",107,130,79,132,115,120,85,161,251,279,480,"hall-pass","hall-pass",5.8
"550","tt0481499","Croods,-The.txt",98,80,65,141,67,91,69,81,234,162,283,"the-croods","the-croods",7.2
"551","tt0482571","Prestige,-The.txt",122,130,90,176,124,137,95,173,307,305,827,"the-prestige","the-prestige",8.5
"552","tt0486822","Disturbia.txt",117,97,77,136,75,98,68,134,265,216,331,"disturbia","disturbia",6.8
"553","tt0486946","Wild-Hogs.txt",116,110,80,136,103,120,67,133,252,240,1118,"wild-hogs","wild-hogs",5.8
"554","tt0488120","Fracture.txt",149,114,80,183,86,159,80,166,330,281,406,"fracture","fracture",7.2
"556","tt0493464","Wanted.txt",123,109,67,160,80,127,74,140,264,242,1096,"wanted","wanted",6.7
"557","tt0499549","Avatar.txt",178,150,122,243,117,173,109,196,430,353,112,"avatar","avatar",7.8
"558","tt0757361","Margot-at-the-Wedding.txt",94,81,88,111,80,100,57,116,221,187,689,"margot-at-the-wedding","margot-at-the-wedding",6
"559","tt0758758","Into-the-Wild.txt",142,199,107,203,161,159,109,210,365,399,563,"into-the-wild","into-the-wild",8.1
"560","tt0765429","American-Gangster.txt",137,130,105,178,114,159,78,206,329,342,61,"american-gangster","american-gangster",7.8
"561","tt0765443","Eastern-Promises.txt",128,113,88,165,93,124,77,133,267,221,350,"eastern-promises","eastern-promises",7.6
"562","tt0780504","Drive.txt",114,120,61,137,106,113,77,139,249,244,342,"drive","drive",7.8
"563","tt0787474","Boxtrolls,-The.txt",142,127,121,183,121,126,86,144,343,270,200,"the-boxtrolls","the-boxtrolls",6.8
"564","tt0790636","Dallas-Buyers-Club.txt",104,102,90,129,96,111,60,153,249,253,294,"dallas-buyers-club","dallas-buyers-club",8
"565","tt0790686","Mirrors.txt",152,120,109,216,84,161,92,143,337,240,723,"mirrors","mirrors",6.2
"566","tt0795351","Case-39.txt",160,125,116,221,99,162,89,186,377,279,228,"case-39","case-39",6.2
"567","tt0796366","Star-Trek.txt",177,194,94,261,136,173,129,235,417,439,974,"star-trek","star-trek",7.9
"568","tt0800240","Deception.txt",128,136,74,164,111,136,92,171,327,303,315,"deception","deception",6.1
"569","tt0800369","Thor.txt",176,165,98,233,134,165,106,196,381,355,1033,"thor","thor",7
"570","tt0810819","Danish-Girl,-The.txt",93,125,65,131,118,124,80,142,258,260,297,"the-danish-girl","the-danish-girl",7.1
"571","tt0810988","Nines,-The.txt",76,97,64,105,82,86,55,126,197,209,768,"the-nines","the-nines",6.3
"572","tt0811080","Speed-Racer.txt",169,146,113,206,122,152,96,178,359,340,965,"speed-racer","speed-racer",6
"573","tt0815236","She's-Out-of-My-League.txt",111,127,79,123,115,109,80,157,249,266,923,"she's-out-of-my-league","she's-out-of-my-league",6.4
"575","tt0816692","Interstellar.txt",127,136,79,180,110,141,87,178,314,340,561,"interstellar","interstellar",8.6
"576","tt0824747","Changeling.txt",160,138,93,208,101,165,88,206,357,314,238,"changeling","changeling",7.7
"577","tt0824758","Last-Station,-The.txt",118,144,85,125,129,127,74,187,267,309,625,"the-last-station","the-last-station",7
"578","tt0829482","Superbad.txt",125,94,89,137,95,108,74,118,255,209,999,"superbad","superbad",7.6
"579","tt0838247","After.Life.txt",100,80,79,123,78,122,62,105,258,191,39,"after.life","after.life",5.9
"580","tt0839980","Semi-Pro.txt",114,117,86,128,115,105,76,148,231,249,909,"semi-pro","semi-pro",5.8
"581","tt0842926","Kids-Are-All-Right,-The.txt",90,101,69,92,95,101,55,110,222,216,599,"the-kids-are-all-right","the-kids-are-all-right",7
"582","tt0844286","Brothers-Bloom,-The.txt",118,118,95,161,106,119,79,151,295,267,214,"the-brothers-bloom","the-brothers-bloom",6.8
"583","tt0857191","Visitor,-The.txt",53,94,32,74,69,65,46,102,133,165,1089,"the-visitor","the-visitor",7.6
"584","tt0862846","Sunshine-Cleaning.txt",94,110,100,123,101,109,75,123,267,257,997,"sunshine-cleaning","sunshine-cleaning",6.8
"585","tt0875034","Nine.txt",93,131,66,124,128,113,78,150,227,301,767,"nine","nine",5.8
"586","tt0878804","Blind-Side,-The.txt",102,121,83,120,107,100,69,155,241,282,176,"the-blind-side","the-blind-side",7.6
"587","tt0881891","All-About-Steve.txt",122,135,97,156,113,142,73,182,279,300,53,"all-about-steve","all-about-steve",4.8
"588","tt0887883","Burn-After-Reading.txt",84,95,61,103,80,90,67,122,213,221,220,"burn-after-reading","burn-after-reading",7
"589","tt0887912","Hurt-Locker,-The.txt",137,108,92,173,90,128,83,130,300,249,535,"the-hurt-locker","the-hurt-locker",7.5
"590","tt0892769","How-to-Train-Your-Dragon.txt",166,116,97,199,93,130,85,122,348,248,530,"how-to-train-your-dragon","how-to-train-your-dragon",8.1
"591","tt0896872","Whistleblower,-The.txt",145,130,94,186,111,131,77,189,325,309,1109,"the-whistleblower","the-whistleblower",7.1
"592","tt0898367","Road,-The.txt",115,89,98,144,68,137,59,94,290,197,874,"the-road","the-road",7.2
"593","tt0910936","Pineapple-Express.txt",117,108,75,145,86,118,72,126,260,213,813,"pineapple-express","pineapple-express",6.9
"594","tt0913425","Broken-Embraces.txt",173,179,124,227,163,195,119,235,435,438,213,"broken-embraces","broken-embraces",7.2
"595","tt0929632","Precious.txt",102,107,87,128,96,116,71,143,241,252,825,"precious","precious",7.3
"596","tt0942385","Tropic-Thunder.txt",136,118,98,173,95,134,85,155,320,282,1063,"tropic-thunder","tropic-thunder",7
"597","tt0945513","Source-Code.txt",149,112,97,197,73,151,86,138,352,245,959,"source-code","source-code",7.5
"598","tt0947798","Black-Swan.txt",120,112,77,135,99,112,79,114,279,230,169,"black-swan","black-swan",8
"599","tt0959337","Revolutionary-Road.txt",93,98,73,110,98,109,69,118,215,229,869,"revolutionary-road","revolutionary-road",7.3
"600","tt0963794","Ruins,-The.txt",109,89,83,137,81,125,74,101,296,187,884,"the-ruins","the-ruins",5.9
"601","tt0964517","Fighter,-The.txt",111,105,70,110,90,94,67,127,222,202,393,"the-fighter","the-fighter",7.8
"602","tt0970416","Day-the-Earth-Stood-Still,-The.txt",137,140,81,202,93,126,77,186,318,344,307,"the-day-the-earth-stood-still","the-day-the-earth-stood-still",5.5
"603","tt0974014","Creation.txt",120,130,101,178,129,147,83,194,323,327,281,"creation","creation",6.7
"604","tt0974661","17-Again.txt",111,110,95,125,108,117,70,136,261,243,9,"17-again","17-again",6.4
"605","tt0975645","Hitchcock.txt",134,153,103,166,140,133,92,198,317,363,518,"hitchcock","hitchcock",6.8
"606","tt0977855","Fair-Game.txt",112,131,82,143,95,119,73,197,284,315,379,"fair-game","fair-game",6.8
"607","tt0978759","Frozen-River.txt",71,69,44,81,51,69,39,88,163,139,421,"frozen-river","frozen-river",7.1
"608","tt0985694","Machete.txt",113,99,83,155,78,102,61,138,227,216,669,"machete","machete",6.6
"609","tt0985699","Valkyrie.txt",153,134,92,184,103,133,92,171,337,311,1083,"valkyrie","valkyrie",7.1
"610","tt0986263","Surrogates.txt",174,128,110,221,96,174,85,153,385,273,1002,"surrogates","surrogates",6.3
"611","tt0988045","Sherlock-Holmes.txt",193,163,146,262,125,197,123,232,456,375,924,"sherlock-holmes","sherlock-holmes",7.6
"612","tt0993842","Hanna.txt",121,140,98,166,109,130,81,138,303,262,485,"hanna","hanna",6.8
"613","tt0993846","Wolf-of-Wall-Street,-The.txt",158,147,110,184,136,143,87,211,336,349,1128,"the-wolf-of-wall-street","the-wolf-of-wall-street",8.2
"614","tt1000774","Sex-and-the-City.txt",99,130,78,111,135,105,91,148,215,294,915,"sex-and-the-city","sex-and-the-city",5.7
"615","tt1001508","He's-Just-Not-That-Into-You.txt",86,125,61,100,120,96,67,146,209,263,494,"he's-just-not-that-into-you","he's-just-not-that-into-you",6.4
"616","tt1001526","Megamind.txt",157,147,113,192,133,147,88,189,355,342,705,"megamind","megamind",7.3
"617","tt1007029","Iron-Lady,-The.txt",134,139,85,175,129,138,101,198,305,332,569,"the-iron-lady","the-iron-lady",6.4
"618","tt1010048","Slumdog-Millionaire.txt",112,126,85,142,119,114,83,150,284,273,947,"slumdog-millionaire","slumdog-millionaire",8
"619","tt1013753","Milk.txt",157,152,97,170,137,147,95,191,317,344,717,"milk","milk",7.5
"620","tt1019452","A-Serious-Man.txt",100,122,77,127,97,111,86,164,246,266,28,"a-serious-man","a-serious-man",7.1
"621","tt1022603","500-Days-of-Summer.txt",98,115,79,115,115,116,73,144,225,250,20,"500-days-of-summer","500-days-of-summer",7.6
"622","tt1023114","Way-Back,-The.txt",135,149,102,187,112,142,89,175,342,290,1104,"the-way-back","the-way-back",7.3
"623","tt1024648","Argo.txt",118,133,69,150,98,101,84,186,247,299,97,"argo","argo",7.7
"624","tt1032755","RocknRolla.txt",112,93,85,133,89,125,65,129,274,227,877,"rocknrolla","rocknrolla",7.3
"625","tt1033575","Descendants,-The.txt",84,120,81,118,100,121,82,141,252,243,321,"the-descendants","the-descendants",7.3
"626","tt1034032","Gamer.txt",166,129,114,206,95,163,80,143,361,284,430,"gamer","gamer",5.8
"627","tt1034303","Defiance.txt",142,148,108,205,116,147,80,175,351,312,319,"defiance","defiance",7.2
"628","tt1037705","Book-of-Eli,-The.txt",151,125,113,201,121,164,87,184,357,329,190,"the-book-of-eli","the-book-of-eli",6.9
"629","tt1038686","Legion.txt",153,127,107,215,98,149,96,136,355,248,632,"legion","legion",5.3
"630","tt1038919","Bounty-Hunter,-The.txt",108,110,83,129,104,106,72,126,256,217,195,"the-bounty-hunter","the-bounty-hunter",5.6
"631","tt1041829","Proposal,-The.txt",122,124,90,136,111,124,73,152,281,281,839,"the-proposal","the-proposal",6.7
"632","tt1045658","Silver-Linings-Playbook.txt",98,104,71,114,90,94,68,125,219,219,937,"silver-linings-playbook","silver-linings-playbook",7.7
"633","tt1045772","I-Love-You-Phillip-Morris.txt",103,127,83,136,119,122,67,171,251,292,539,"i-love-you-phillip-morris","i-love-you-phillip-morris",6.6
"634","tt1045778","Year-One.txt",171,136,131,181,120,162,100,166,352,319,1138,"year-one","year-one",4.9
"635","tt1046947","Last-Chance-Harvey.txt",47,88,40,53,85,61,50,102,135,185,621,"last-chance-harvey","last-chance-harvey",6.6
"636","tt1049413","Up.txt",80,103,50,112,91,77,69,111,200,208,1080,"up","up",8.2
"637","tt1054606","Imaginarium-of-Doctor-Parnassus,-The.txt",148,145,119,198,145,164,105,168,345,352,546,"the-imaginarium-of-doctor-parnassus","the-imaginarium-of-doctor-parnassus",6.8
"638","tt1057500","Invictus.txt",156,158,100,184,136,139,91,213,340,366,568,"invictus","invictus",7.3
"639","tt1058017","Invention-of-Lying,-The.txt",97,110,84,129,101,127,68,127,245,244,567,"the-invention-of-lying","the-invention-of-lying",6.4
"640","tt1059786","Eagle-Eye.txt",165,149,97,214,112,141,104,211,361,340,349,"eagle-eye","eagle-eye",6.6
"641","tt1065073","Boyhood.txt",101,128,78,121,137,103,80,166,228,308,201,"boyhood","boyhood",7.9
"642","tt1067583","Water-for-Elephants.txt",143,153,92,195,135,162,101,173,355,327,1103,"water-for-elephants","water-for-elephants",6.9
"643","tt1067774","Monte-Carlo.txt",101,132,71,122,131,113,89,159,248,314,730,"monte-carlo","monte-carlo",5.8
"644","tt1068680","Yes-Man.txt",94,116,67,105,109,99,61,151,219,273,1139,"yes-man","yes-man",6.8
"645","tt1084950","Rachel-Getting-Married.txt",104,134,80,140,130,121,91,165,265,306,848,"rachel-getting-married","rachel-getting-married",6.7
"646","tt1100089","Foxcatcher.txt",86,110,56,96,98,83,62,153,195,264,405,"foxcatcher","foxcatcher",7
"647","tt1119646","Hangover,-The.txt",110,103,79,127,102,103,69,148,252,246,484,"the-hangover","the-hangover",7.7
"648","tt1120985","Blue-Valentine.txt",82,104,67,99,106,95,60,124,217,219,181,"blue-valentine","blue-valentine",7.3
"649","tt1124035","Ides-of-March,-The.txt",73,93,45,92,74,83,58,123,176,193,545,"the-ides-of-march","the-ides-of-march",7.1
"650","tt1125849","Wrestler,-The.txt",108,115,82,123,103,111,70,130,259,244,1133,"the-wrestler","the-wrestler",7.9
"651","tt1126590","Big-Eyes.txt",152,154,113,169,164,153,117,191,372,349,156,"big-eyes","big-eyes",7
"652","tt1126591","Burlesque.txt",108,113,80,113,112,110,72,141,265,277,219,"burlesque","burlesque",6.4
"653","tt1129445","Amelia.txt",131,174,89,154,166,142,101,209,313,411,59,"amelia","amelia",5.8
"654","tt1131734","Jennifer's-Body.txt",168,134,134,221,128,175,88,171,392,310,583,"jennifer's-body","jennifer's-body",5.3
"656","tt1142988","Ugly-Truth,-The.txt",108,122,92,114,118,102,73,149,258,269,1074,"the-ugly-truth","the-ugly-truth",6.4
"657","tt1148204","Orphan.txt",149,138,110,193,119,170,98,170,364,279,787,"orphan","orphan",7
"658","tt1149362","White-Ribbon,-The.txt",150,152,112,191,136,175,100,174,363,320,1112,"the-white-ribbon","the-white-ribbon",7.8
"659","tt1152836","Public-Enemies.txt",141,132,95,177,102,134,80,180,312,290,841,"public-enemies","public-enemies",7
"660","tt1174732","An-Education.txt",92,116,74,102,113,111,79,127,240,259,78,"an-education","an-education",7.3
"661","tt1182345","Moon.txt",102,118,77,124,94,105,73,125,235,242,731,"moon","moon",7.8
"662","tt1186367","Ninja-Assassin.txt",131,109,84,182,82,130,72,150,290,248,769,"ninja-assassin","ninja-assassin",6.3
"663","tt1189340","Lincoln-Lawyer,-The.txt",137,112,92,155,85,121,65,148,278,248,645,"the-lincoln-lawyer","the-lincoln-lawyer",7.3
"664","tt1190080","2012.txt",122,140,84,176,104,125,95,168,302,307,12,"2012","2012",5.8
"665","tt1193138","Up-in-the-Air.txt",97,137,64,119,123,112,82,168,217,290,1079,"up-in-the-air","up-in-the-air",7.4
"666","tt1194263","Get-Low.txt",91,102,70,121,87,119,64,114,228,191,437,"get-low","get-low",7
"667","tt1197624","Law-Abiding-Citizen.txt",152,124,111,205,90,164,87,185,375,298,627,"law-abiding-citizen","law-abiding-citizen",7.4
"668","tt1198138","Obsessed.txt",111,116,74,133,109,118,79,125,251,224,778,"obsessed","obsessed",5
"669","tt1201167","Funny-People.txt",121,134,82,125,123,113,84,139,250,254,425,"funny-people","funny-people",6.3
"670","tt1205489","Gran-Torino.txt",111,99,100,134,88,106,68,135,249,225,465,"gran-torino","gran-torino",8.1
"671","tt1212436","Back-up-Plan,-The.txt",69,98,62,88,94,85,63,119,180,210,120,"the-back-up-plan","the-back-up-plan",5.4
"672","tt1216475","Cars-2.txt",104,126,69,130,108,89,93,146,246,268,227,"cars-2","cars-2",6.1
"673","tt1217613","Battle-Los-Angeles.txt",96,88,58,161,66,96,69,116,252,200,138,"battle-los-angeles","battle-los-angeles",5.7
"674","tt1219289","Limitless.txt",122,112,94,158,100,130,76,159,305,294,644,"limitless","limitless",7.4
"675","tt1220888","Henry's-Crime.txt",94,109,68,129,106,91,63,128,206,221,509,"henry's-crime","henry's-crime",6
"676","tt1226271","Damned-United,-The.txt",120,122,72,137,116,121,75,167,237,278,295,"the-damned-united","the-damned-united",7.5
"677","tt1226753","Debt,-The.txt",115,113,84,174,96,140,78,133,283,257,314,"the-debt","the-debt",6.8
"678","tt1226774","In-the-Loop.txt",116,114,91,127,82,117,56,144,279,265,548,"in-the-loop","in-the-loop",7.4
"679","tt1229822","Jane-Eyre.txt",183,183,174,241,188,239,101,214,462,409,578,"jane-eyre","jane-eyre",7.3
"680","tt1230414","It's-Complicated.txt",72,98,60,84,90,85,61,123,189,216,572,"it's-complicated","it's-complicated",6.5
"681","tt1231277","S.-Darko.txt",108,125,106,146,99,127,80,139,288,262,891,"s.-darko","s.-darko",3.6
"682","tt1231587","Hot-Tub-Time-Machine.txt",104,116,84,125,108,117,77,147,237,255,526,"hot-tub-time-machine","hot-tub-time-machine",6.4
"683","tt1234548","Men-Who-Stare-at-Goats,-The.txt",133,119,95,182,106,154,87,160,314,286,709,"the-men-who-stare-at-goats","the-men-who-stare-at-goats",6.2
"684","tt1242432","I-Spit-on-Your-Grave.txt",118,96,103,156,81,120,79,111,308,216,540,"i-spit-on-your-grave","i-spit-on-your-grave",6.3
"685","tt1243957","Tourist,-The.txt",110,124,77,142,109,117,81,166,243,277,1053,"the-tourist","the-tourist",6
"686","tt1265990","Roommate,-The.txt",89,94,56,112,101,97,73,117,240,223,882,"the-roommate","the-roommate",4.8
"687","tt1276104","Looper.txt",130,105,91,164,91,126,81,130,295,221,657,"looper","looper",7.4
"688","tt1282140","Easy-A.txt",124,131,116,137,124,127,79,170,273,300,351,"easy-a","easy-a",7
"689","tt1284575","Bad-Teacher.txt",93,126,79,121,111,97,76,164,247,276,128,"bad-teacher","bad-teacher",5.6
"690","tt1285016","Social-Network,-The.txt",100,114,64,115,95,106,69,165,239,282,954,"the-social-network","the-social-network",7.7
"691","tt1288558","Evil-Dead.txt",83,63,54,99,47,87,51,65,181,107,372,"evil-dead","evil-dead",6.5
"692","tt1291584","Warrior.txt",148,122,83,158,98,124,87,161,278,265,1101,"warrior","warrior",8.1
"693","tt1311071","Kill-Your-Darlings.txt",107,107,75,138,93,112,75,136,249,237,601,"kill-your-darlings","kill-your-darlings",6.5
"694","tt1318514","Rise-of-the-Planet-of-the-Apes.txt",135,111,85,188,92,124,89,143,289,237,872,"rise-of-the-planet-of-the-apes","rise-of-the-planet-of-the-apes",7.5
"695","tt1323045","Frozen.txt",94,74,71,124,59,102,48,97,221,169,422,"frozen","frozen",6.1
"696","tt1334512","Arthur.txt",142,150,120,169,146,151,93,204,339,345,101,"arthur","arthur",5.7
"697","tt1340800","Tinker-Tailor-Soldier-Spy.txt",143,133,105,188,113,144,91,165,328,303,1045,"tinker-tailor-soldier-spy","tinker-tailor-soldier-spy",7.1
"698","tt1343092","Great-Gatsby,-The.txt",146,147,94,167,148,147,112,176,344,338,470,"the-great-gatsby","the-great-gatsby",7.2
"699","tt1345836","Dark-Knight-Rises,-The.txt",177,152,111,249,104,168,104,186,398,329,299,"the-dark-knight-rises","the-dark-knight-rises",8.4
"700","tt1355644","Passengers.txt",114,134,79,166,121,150,94,142,307,300,795,"passengers","passengers",7
"701","tt1365050","Beasts-of-No-Nation.txt",153,133,104,214,117,158,84,186,347,329,143,"beasts-of-no-nation","beasts-of-no-nation",7.7
"702","tt1372686","Coriolanus.txt",209,152,146,258,147,186,102,235,435,375,275,"coriolanus","coriolanus",6.1
"703","tt1375666","Inception.txt",136,116,80,174,89,141,89,164,306,252,549,"inception","inception",8.8
"704","tt1385826","Adjustment-Bureau,-The.txt",106,125,64,123,113,116,85,172,249,278,35,"the-adjustment-bureau","the-adjustment-bureau",7
"705","tt1398426","Straight-Outta-Compton.txt",187,143,129,210,125,155,96,173,392,310,990,"straight-outta-compton","straight-outta-compton",7.8
"706","tt1401152","Unknown.txt",147,130,81,200,106,147,95,176,354,315,1078,"unknown","unknown",6.8
"707","tt1403177","Hesher.txt",98,89,96,132,67,121,53,94,252,179,512,"hesher","hesher",7
"708","tt1403981","Remember-Me.txt",115,112,78,137,101,119,78,141,274,262,861,"remember-me","remember-me",7.1
"709","tt1409024","Men-in-Black-3.txt",139,114,97,159,99,109,80,141,290,271,707,"men-in-black-3","men-in-black-3",6.8
"710","tt1411238","No-Strings-Attached.txt",83,99,80,92,93,96,55,113,204,202,773,"no-strings-attached","no-strings-attached",6.2
"711","tt1412386","Best-Exotic-Marigold-Hotel,-The.txt",108,141,83,136,127,126,84,183,253,324,154,"the-best-exotic-marigold-hotel","the-best-exotic-marigold-hotel",7.3
"712","tt1440728","American,-The.txt",112,143,81,162,109,120,70,172,295,306,75,"the-american","the-american",6.3
"713","tt1441326","Martha-Marcy-May-Marlene.txt",67,77,42,73,70,55,42,81,141,151,691,"martha-marcy-may-marlene","martha-marcy-may-marlene",6.9
"714","tt1446192","Rise-of-the-Guardians.txt",118,121,72,153,109,117,94,117,280,238,871,"rise-of-the-guardians","rise-of-the-guardians",7.3
"715","tt1446714","Prometheus.txt",165,141,127,246,101,171,98,170,401,333,837,"prometheus","prometheus",7
"716","tt1454029","Help,-The.txt",112,138,82,133,132,123,78,174,267,303,508,"the-help","the-help",8
"717","tt1454468","Gravity.txt",86,106,48,132,85,116,75,107,231,222,469,"gravity","gravity",7.7
"718","tt1458175","Next-Three-Days,-The.txt",104,100,70,135,84,112,66,141,246,225,759,"the-next-three-days","the-next-three-days",7.3
"719","tt1462758","Buried.txt",92,81,49,125,58,95,50,119,230,189,218,"buried","buried",7
"720","tt1464540","I-Am-Number-Four.txt",160,132,103,226,96,154,97,138,368,271,537,"i-am-number-four","i-am-number-four",6.1
"721","tt1477837","Cedar-Rapids.txt",124,142,106,140,132,146,89,198,316,332,234,"cedar-rapids","cedar-rapids",6.3
"722","tt1478338","Bridesmaids.txt",83,125,65,94,123,89,69,144,216,273,209,"bridesmaids","bridesmaids",6.8
"723","tt1483013","Oblivion.txt",120,110,77,163,90,136,71,131,295,259,776,"oblivion","oblivion",7
"724","tt1486185","Red-Riding-Hood.txt",156,129,120,206,98,146,78,161,356,255,858,"red-riding-hood","red-riding-hood",5.5
"725","tt1486190","Tamara-Drewe.txt",142,142,132,159,122,153,90,155,348,293,1017,"tamara-drewe","tamara-drewe",6.2
"726","tt1488555","Change-Up,-The.txt",122,128,98,134,118,114,77,162,269,301,237,"the-change-up","the-change-up",6.3
"727","tt1490017","LEGO-Movie,-The.txt",112,108,65,145,103,110,76,161,239,273,633,"the-lego-movie","the-lego-movie",7.7
"728","tt1499658","Horrible-Bosses.txt",109,108,95,137,88,119,65,124,270,215,522,"horrible-bosses","horrible-bosses",6.8
"729","tt1502404","Drive-Angry.txt",122,88,82,151,72,114,62,105,260,196,341,"drive-angry","drive-angry",5.4
"730","tt1502407","Halloween.txt",148,120,99,193,92,139,72,152,316,268,482,"halloween","halloween",6.6
"731","tt1504320","King's-Speech,-The.txt",134,163,107,181,140,163,99,229,347,398,603,"the-king's-speech","the-king's-speech",8
"732","tt1521197","Anonymous.txt",174,155,114,207,146,166,96,203,355,363,86,"anonymous","anonymous",6.9
"733","tt1525366","Grabbers.txt",106,111,100,154,95,108,79,127,292,248,463,"grabbers","grabbers",6.3
"734","tt1532503","Beginners.txt",71,95,56,109,103,104,63,130,179,220,147,"beginners","beginners",7.2
"735","tt1542344","127-Hours.txt",119,121,95,150,99,131,79,123,266,239,6,"127-hours","127-hours",7.5
"736","tt1560747","Master,-The.txt",126,132,87,147,112,108,74,171,273,288,697,"the-master","the-master",7.2
"737","tt1568911","War-Horse.txt",133,133,93,170,137,128,101,176,307,315,1098,"war-horse","war-horse",7.2
"738","tt1583420","Larry-Crowne.txt",110,126,83,129,121,107,89,174,255,307,619,"larry-crowne","larry-crowne",6.1
"739","tt1586752","Machine-Gun-Preacher.txt",135,123,101,196,123,160,76,167,340,282,670,"machine-gun-preacher","machine-gun-preacher",6.8
"740","tt1591095","Insidious.txt",118,97,101,153,87,126,74,130,307,224,559,"insidious","insidious",6.8
"741","tt1602613","Only-God-Forgives.txt",106,106,70,135,87,105,66,118,233,207,784,"only-god-forgives","only-god-forgives",5.7
"742","tt1602620","Amour.txt",47,90,39,84,74,92,48,95,157,168,77,"amour","amour",7.9
"743","tt1605783","Midnight-in-Paris.txt",77,102,48,87,105,88,61,112,187,247,714,"midnight-in-paris","midnight-in-paris",7.7
"744","tt1606392","Win-Win.txt",73,85,50,71,76,70,39,113,155,178,1123,"win-win","win-win",7.1
"745","tt1622547","30-Minutes-or-Less.txt",128,125,100,165,97,132,83,150,297,258,15,"30-minutes-or-less","30-minutes-or-less",6.1
"746","tt1623288","ParaNorman.txt",165,129,126,212,95,160,84,131,407,248,793,"paranorman","paranorman",7
"747","tt1637725","Ted.txt",112,136,80,133,130,114,85,148,257,281,1019,"ted","ted",6.9
"748","tt1646971","How-to-Train-Your-Dragon-2.txt",141,123,84,199,106,108,96,151,310,274,529,"how-to-train-your-dragon-2","how-to-train-your-dragon-2",7.8
"749","tt1650062","Super-8.txt",115,119,81,168,79,129,91,135,293,226,998,"super-8","super-8",7
"750","tt1655420","My-Week-with-Marilyn.txt",138,167,109,178,184,161,110,223,349,422,748,"my-week-with-marilyn","my-week-with-marilyn",6.9
"751","tt1655442","Artist,-The.txt",89,84,58,108,83,103,68,108,196,193,102,"the-artist","the-artist",7.9
"752","tt1657507","Colombiana.txt",116,125,84,166,104,106,76,167,265,269,265,"colombiana","colombiana",6.4
"753","tt1659337","Perks-of-Being-a-Wallflower,-The.txt",104,132,74,122,133,111,86,136,241,265,804,"the-perks-of-being-a-wallflower","the-perks-of-being-a-wallflower",7.9
"754","tt1663202","Revenant,-The.txt",125,87,91,173,64,125,65,106,290,171,868,"the-revenant","the-revenant",8
"755","tt1675192","Take-Shelter.txt",71,82,58,96,66,79,52,124,184,186,1011,"take-shelter","take-shelter",7.3
"756","tt1690953","Despicable-Me-2.txt",100,111,66,138,91,82,71,119,219,226,322,"despicable-me-2","despicable-me-2",7.3
"757","tt1706593","Chronicle.txt",111,86,84,133,68,112,68,105,243,186,247,"chronicle","chronicle",7
"758","tt1723811","Shame.txt",84,86,69,113,77,95,48,96,216,182,920,"shame","shame",7.2
"759","tt1729637","Bodyguard.txt",142,166,89,165,146,134,107,204,332,361,185,"bodyguard","bodyguard",4.7
"760","tt1735898","Snow-White-and-the-Huntsman.txt",159,133,112,205,123,160,92,162,362,293,952,"snow-white-and-the-huntsman","snow-white-and-the-huntsman",6.1
"762","tt1764183","Arbitrage.txt",83,107,58,105,90,102,61,155,209,232,94,"arbitrage","arbitrage",6.6
"763","tt1781769","Anna-Karenina.txt",143,155,113,178,154,171,105,203,355,359,83,"anna-karenina","anna-karenina",6.6
"764","tt1790885","Zero-Dark-Thirty.txt",123,118,82,178,84,125,74,171,275,272,1143,"zero-dark-thirty","zero-dark-thirty",7.4
"765","tt1798709","Her.txt",75,104,57,88,95,84,61,111,178,203,511,"her","her",8
"766","tt1800241","American-Hustle.txt",121,122,92,144,120,116,76,169,271,299,64,"american-hustle","american-hustle",7.2
"767","tt1825683","Black-Panther.txt",126,118,65,176,89,122,78,155,263,278,166,"black-panther","black-panther",7.3
"768","tt1853728","Django-Unchained.txt",188,163,131,198,149,159,102,216,381,372,332,"django-unchained","django-unchained",8.4
"769","tt1866249","Sessions,-The.txt",88,130,60,113,114,95,72,167,196,274,913,"the-sessions","the-sessions",7.2
"770","tt1935179","Mud.txt",101,101,73,126,76,107,64,134,248,200,738,"mud","mud",7.4
"771","tt2024544","12-Years-a-Slave.txt",194,181,143,228,153,220,99,229,455,424,4,"12-years-a-slave","12-years-a-slave",8.1
"772","tt2053425","Rust-and-Bone.txt",101,102,78,122,80,97,66,120,236,221,890,"rust-and-bone","rust-and-bone",7.5
"773","tt2063781","Smashed.txt",76,101,64,76,103,85,61,115,192,212,948,"smashed","smashed",6.8
"774","tt2125435","Beasts-of-the-Southern-Wild.txt",114,112,92,158,112,117,80,146,274,252,144,"beasts-of-the-southern-wild","beasts-of-the-southern-wild",7.3
"775","tt2132285","Bling-Ring,-The.txt",70,81,46,83,72,54,49,108,146,206,177,"the-bling-ring","the-bling-ring",5.6
"776","tt2140373","Saving-Mr.-Banks.txt",119,131,97,143,151,141,96,168,302,325,896,"saving-mr.-banks","saving-mr.-banks",7.5
"777","tt2179136","American-Sniper.txt",144,142,94,193,117,134,83,163,326,287,72,"american-sniper","american-sniper",7.3
"778","tt2180411","Into-the-Woods.txt",125,121,94,153,117,133,79,125,289,245,564,"into-the-woods","into-the-woods",5.9
"779","tt2235108","Dear-White-People.txt",131,118,78,140,105,118,74,153,262,293,311,"dear-white-people","dear-white-people",6.1
"780","tt2302966","I.txt",162,125,130,208,100,152,93,144,377,273,543,"i","i",7.4
"781","tt2334649","Fruitvale-Station.txt",75,70,42,85,63,66,44,88,148,153,423,"fruitvale-station","fruitvale-station",7.5
"782","tt2350892","Bad-Country.txt",141,100,102,196,70,134,74,156,341,241,123,"bad-country","bad-country",5.8
"783","tt2380307","Coco.txt",82,105,59,111,110,95,83,141,203,239,260,"coco","coco",8.4
"784","tt2404181","Belle.txt",126,143,100,152,138,156,78,201,310,352,152,"belle","belle",7.3
"785","tt2473602","Get-on-Up.txt",120,119,70,135,99,116,65,158,258,288,438,"get-on-up","get-on-up",6.9
"786","tt2582846","Fault-in-Our-Stars,-The.txt",111,125,83,144,119,149,84,148,276,286,386,"the-fault-in-our-stars","the-fault-in-our-stars",7.7
"787","tt2911666","John-Wick.txt",96,83,59,124,82,104,59,118,214,221,590,"john-wick","john-wick",7.4
"788","tt2937898","A-Most-Violent-Year.txt",106,103,63,137,75,104,51,146,243,238,24,"a-most-violent-year","a-most-violent-year",7
"789","tt2948356","Zootopia.txt",130,141,85,159,124,112,84,159,284,287,1145,"zootopia","zootopia",8
"790","tt2980516","Theory-of-Everything,-The.txt",92,145,70,128,142,125,83,162,242,313,1024,"the-theory-of-everything","the-theory-of-everything",7.7
"791","tt3315342","Logan.txt",158,136,100,223,104,166,90,156,379,285,654,"logan","logan",8.1
"792","tt3397884","Sicario.txt",130,114,82,172,92,123,67,154,276,237,931,"sicario","sicario",7.6
"793","tt3450958","War-for-the-Planet-of-the-Apes.txt",173,126,99,255,91,174,99,141,408,252,1097,"war-for-the-planet-of-the-apes","war-for-the-planet-of-the-apes",7.4
"794","tt3659388","Martian,-The.txt",101,114,70,132,91,115,77,149,250,277,692,"the-martian","the-martian",8
"795","tt3783958","La-La-Land.txt",88,102,45,91,105,85,60,113,176,214,613,"la-la-land","la-la-land",8
"796","tt4080956","A-Prayer-Before-Dawn.txt",181,126,117,217,93,160,94,132,371,234,25,"a-prayer-before-dawn","a-prayer-before-dawn",6.9
"797","tt4919484","Little-Men.txt",69,94,48,76,88,77,53,121,160,226,648,"little-men","little-men",6.7
"798","tt5462602","Big-Sick,-The.txt",85,103,66,111,90,103,56,112,198,192,159,"the-big-sick","the-big-sick",7.5
"799","tt6002232","Custody.txt",72,86,54,91,82,76,47,130,171,221,293,"custody","custody",7.5
"800","tt6644200","A-Quiet-Place.txt",93,83,63,125,79,103,57,105,231,193,26,"a-quiet-place","a-quiet-place",7.5
"801","tt7286456","Joker.txt",115,106,85,142,88,134,64,127,288,223,591,"joker","joker",8.4
"802","tt7349662","BlacKkKlansman.txt",140,137,87,177,119,122,90,191,284,344,170,"blackkklansman","blackkklansman",7.5
