"","tconst","titleType","primaryTitle","originalTitle","isAdult","startYear","endYear","runtimeMinutes","genres"
"4121","tt0004167","movie","jane-eyre","jane-eyre","0","1914","\N","50","Drama"
"7247","tt0007338","movie","sherlock-holmes","sherlock-holmes","0","1916","\N","116","Mystery"
"12155","tt0012329","movie","jane-eyre","jane-eyre","0","1921","\N","70","Drama"
"13396","tt0013597","movie","sherlock-holmes","sherlock-holmes","0","1922","\N","85","Drama,Mystery"
"21538","tt0021884","movie","frankenstein","frankenstein","0","1931","\N","70","Drama,Horror,Sci-Fi"
"22580","tt0022958","movie","grand-hotel","grand-hotel","0","1932","\N","112","Drama,Romance"
"23068","tt0023460","movie","sherlock-holmes","sherlock-holmes","0","1932","\N","68","Drama"
"23807","tt0024216","movie","king-kong","king-kong","0","1933","\N","100","Adventure,Horror,Sci-Fi"
"24887","tt0025316","movie","it-happened-one-night","it-happened-one-night","0","1934","\N","105","Comedy,Romance"
"24894","tt0025323","movie","jane-eyre","jane-eyre","0","1934","\N","62","Drama,Romance"
"27141","tt0027623","movie","flash-gordon","flash-gordon","0","1936","\N","245","Action,Adventure,Family"
"31167","tt0031725","movie","ninotchka","ninotchka","0","1939","\N","110","Comedy,Romance"
"32628","tt0033214","movie","up-in-the-air","up-in-the-air","0","1940","\N","62","Mystery"
"35044","tt0035665","movie","batman","batman","0","1943","\N","260","Action,Crime,Family"
"35810","tt0036443","movie","titanic","titanic","0","1943","\N","85","Action,Drama,History"
"36328","tt0036969","movie","jane-eyre","jane-eyre","0","1943","\N","97","Drama,Romance"
"40256","tt0040963","movie","whiplash","whiplash","0","1948","\N","91","Drama,Film-Noir,Sport"
"41554","tt0042286","movie","broken-arrow","broken-arrow","0","1950","\N","93","Drama,Romance,Western"
"44121","tt0044907","movie","les-miserables","les-miserables","0","1952","\N","105","Adventure,Drama,History"
"44444","tt0045237","movie","thunderbirds","thunderbirds","0","1952","\N","98","Adventure,Drama,Romance"
"45619","tt0046435","movie","titanic","titanic","0","1953","\N","98","Drama,History,Romance"
"46712","tt0047561","movie","taxi-driver","taxi-driver","0","1954","\N","133","Musical,Romance"
"49694","tt0050595","movie","code-of-silence","code-of-silence","0","1960","\N","75","Crime,Drama"
"59644","tt0060807","movie","out-of-sight","out-of-sight","0","1966","\N","87","Comedy"
"60238","tt0061418","movie","bonnie-and-clyde","bonnie-and-clyde","0","1967","\N","111","Action,Biography,Crime"
"60846","tt0062047","movie","wanted","wanted","0","1967","\N","107","Action,Drama,Romance"
"62772","tt0064039","movie","armageddon","armageddon","0","1969","\N","\N","Action,Sci-Fi"
"63866","tt0065159","movie","up-in-the-air","up-in-the-air","0","1969","\N","55","Comedy,Family"
"65793","tt0067128","movie","get-carter","get-carter","0","1971","\N","112","Action,Crime,Thriller"
"67322","tt0068688","movie","heat","heat","0","1972","\N","102","Comedy,Drama,Romance"
"68396","tt0069797","movie","blade","blade","0","1973","\N","90","Mystery,Thriller"
"69450","tt0070895","movie","walking-tall","walking-tall","0","1973","\N","125","Action,Biography,Crime"
"69913","tt0071367","movie","crash","crash","0","1974","\N","90","Drama"
"70112","tt0071571","movie","gone-in-60-seconds","gone-in-60-seconds","0","1974","\N","105","Action,Crime,Drama"
"71666","tt0073165","movie","independence-day","independence-day","0","1976","\N","87","Drama"
"73203","tt0074751","movie","king-kong","king-kong","0","1976","\N","134","Adventure,Horror"
"73751","tt0075314","movie","taxi-driver","taxi-driver","0","1976","\N","114","Crime,Drama"
"75785","tt0077402","movie","dawn-of-the-dead","dawn-of-the-dead","0","1978","\N","127","Horror,Thriller"
"77136","tt0078788","movie","apocalypse-now","apocalypse-now","0","1979","\N","147","Drama,Mystery,War"
"78898","tt0080605","movie","defiance","defiance","0","1980","\N","103","Action,Crime,Drama"
"79034","tt0080745","movie","flash-gordon","flash-gordon","0","1980","\N","111","Action,Adventure,Sci-Fi"
"80426","tt0082186","movie","clash-of-the-titans","clash-of-the-titans","0","1981","\N","118","Action,Adventure,Family"
"80437","tt0082198","movie","conan-the-barbarian","conan-the-barbarian","0","1982","\N","129","Action,Adventure,Fantasy"
"81857","tt0083658","movie","blade-runner","blade-runner","0","1982","\N","117","Action,Drama,Sci-Fi"
"82992","tt0084827","movie","tron","tron","0","1982","\N","96","Action,Adventure,Sci-Fi"
"83364","tt0085210","movie","bad-boys","bad-boys","0","1983","\N","123","Crime,Drama,Thriller"
"83861","tt0085724","movie","independence-day","independence-day","0","1983","\N","110","Drama,Romance"
"84350","tt0086222","movie","rush","rush","0","1983","\N","77","Adventure,Sci-Fi"
"85281","tt0087182","movie","dune","dune","0","1984","\N","137","Action,Adventure,Sci-Fi"
"85563","tt0087469","movie","indiana-jones-and-the-temple-of-doom","indiana-jones-and-the-temple-of-doom","0","1984","\N","118","Action,Adventure"
"86282","tt0088206","movie","supergirl","supergirl","0","1984","\N","124","Action,Adventure,Fantasy"
"86991","tt0088936","movie","code-of-silence","code-of-silence","0","1985","\N","101","Action,Crime,Drama"
"86999","tt0088944","movie","commando","commando","0","1985","\N","90","Action,Adventure,Thriller"
"87176","tt0089122","movie","fair-game","fair-game","0","1986","\N","86","Action,Thriller"
"87512","tt0089469","movie","legend","legend","0","1985","\N","94","Adventure,Fantasy,Romance"
"91123","tt0093164","movie","heat","heat","0","1986","\N","101","Action,Crime,Drama"
"91172","tt0093213","movie","hostage","hostage","0","1986","\N","95","Action,Drama"
"91514","tt0093565","movie","moonstruck","moonstruck","0","1987","\N","102","Comedy,Drama,Romance"
"91715","tt0093773","movie","predator","predator","0","1987","\N","107","Action,Adventure,Horror"
"92932","tt0095016","movie","die-hard","die-hard","0","1988","\N","132","Action,Thriller"
"93209","tt0095301","movie","high-fidelity","high-fidelity","0","1989","\N","85","Biography,Documentary,Music"
"94203","tt0096320","movie","twins","twins","0","1988","\N","107","Comedy,Crime"
"94317","tt0096438","movie","who-framed-roger-rabbit","who-framed-roger-rabbit","0","1988","\N","104","Adventure,Animation,Comedy"
"94325","tt0096446","movie","willow","willow","0","1988","\N","126","Action,Adventure,Drama"
"94762","tt0096895","movie","batman","batman","0","1989","\N","126","Action,Adventure"
"94797","tt0096933","movie","black-rain","black-rain","0","1989","\N","125","Action,Crime,Thriller"
"95424","tt0097576","movie","indiana-jones-and-the-last-crusade","indiana-jones-and-the-last-crusade","0","1989","\N","127","Action,Adventure"
"98036","tt0100260","movie","nightbreed","nightbreed","0","1990","\N","102","Action,Fantasy,Horror"
"98687","tt0100935","movie","wild-at-heart","wild-at-heart","0","1990","\N","125","Comedy,Crime,Drama"
"99135","tt0101393","movie","backdraft","backdraft","0","1991","\N","137","Action,Crime,Drama"
"99511","tt0101773","movie","drive","drive","0","1991","\N","86","Drama"
"99801","tt0102070","movie","hudson-hawk","hudson-hawk","0","1991","\N","100","Action,Adventure,Comedy"
"100400","tt0102685","movie","point-break","point-break","0","1991","\N","122","Action,Crime,Thriller"
"100535","tt0102820","movie","rush","rush","0","1991","\N","120","Action,Crime,Drama"
"101772","tt0104073","movie","deep-cover","deep-cover","0","1992","\N","107","Action,Crime,Thriller"
"102041","tt0104346","movie","gladiator","gladiator","0","1992","\N","101","Action,Drama,Sport"
"102132","tt0104443","movie","hostage","hostage","0","1992","\N","98","Action,Drama,Thriller"
"102496","tt0104815","movie","el-mariachi","el-mariachi","0","1992","\N","81","Action,Crime,Thriller"
"102903","tt0105236","movie","reservoir-dogs","reservoir-dogs","0","1992","\N","99","Crime,Drama,Thriller"
"103937","tt0106303","movie","arctic-blue","arctic-blue","0","1993","\N","95","Action,Thriller"
"103942","tt0106308","movie","army-of-darkness","army-of-darkness","0","1992","\N","81","Comedy,Horror"
"104013","tt0106382","movie","belle","belle","0","1993","\N","99","Romance"
"104208","tt0106582","movie","cliffhanger","cliffhanger","0","1993","\N","113","Action,Adventure,Thriller"
"104452","tt0106834","movie","even-cowgirls-get-the-blues","even-cowgirls-get-the-blues","0","1993","\N","106","Comedy,Drama,Romance"
"104897","tt0107290","movie","jurassic-park","jurassic-park","0","1993","\N","127","Action,Adventure,Sci-Fi"
"105735","tt0108160","movie","sleepless-in-seattle","sleepless-in-seattle","0","1993","\N","105","Comedy,Drama,Romance"
"105928","tt0108358","movie","tombstone","tombstone","0","1993","\N","130","Action,Biography,Drama"
"105969","tt0108399","movie","true-romance","true-romance","0","1993","\N","119","Crime,Drama,Romance"
"107540","tt0110005","movie","heavenly-creatures","heavenly-creatures","0","1994","\N","99","Biography,Crime,Drama"
"108156","tt0110632","movie","natural-born-killers","natural-born-killers","0","1994","\N","118","Action,Crime,Drama"
"108228","tt0110706","movie","oblivion","oblivion","0","1994","\N","94","Adventure,Comedy,Crime"
"108409","tt0110889","movie","priest","priest","0","1994","\N","105","Drama,Romance"
"108432","tt0110912","movie","pulp-fiction","pulp-fiction","0","1994","\N","154","Crime,Drama"
"109011","tt0111503","movie","true-lies","true-lies","0","1994","\N","141","Action,Comedy,Thriller"
"109880","tt0112401","movie","assassins","assassins","0","1995","\N","133","Action,Crime,Thriller"
"109920","tt0112442","movie","bad-boys","bad-boys","0","1995","\N","119","Action,Comedy,Crime"
"110169","tt0112697","movie","clueless","clueless","0","1995","\N","97","Comedy,Romance"
"110475","tt0113010","movie","fair-game","fair-game","0","1995","\N","91","Action,Romance,Thriller"
"110701","tt0113243","movie","hackers","hackers","0","1995","\N","105","Crime,Drama,Romance"
"110735","tt0113277","movie","heat","heat","0","1995","\N","170","Action,Crime,Drama"
"110941","tt0113492","movie","judge-dredd","judge-dredd","0","1995","\N","96","Action,Crime,Sci-Fi"
"111070","tt0113627","movie","leaving-las-vegas","leaving-las-vegas","0","1995","\N","111","Drama,Romance"
"111974","tt0114558","movie","strange-days","strange-days","0","1995","\N","145","Crime,Drama,Sci-Fi"
"113129","tt0115759","movie","broken-arrow","broken-arrow","0","1996","\N","108","Action,Adventure,Thriller"
"113327","tt0115964","movie","crash","crash","0","1996","\N","100","Drama"
"113423","tt0116064","movie","deep-cover","deep-cover","0","1997","\N","108","Action,Adventure"
"113504","tt0116147","movie","drive","drive","0","1997","\N","100","Action,Adventure,Comedy"
"113967","tt0116629","movie","independence-day","independence-day","0","1996","\N","145","Action,Adventure,Sci-Fi"
"114018","tt0116684","movie","jane-eyre","jane-eyre","0","1996","\N","112","Drama,Romance"
"114029","tt0116695","movie","jerry-maguire","jerry-maguire","0","1996","\N","139","Comedy,Drama,Romance"
"115806","tt0118548","movie","absolute-power","absolute-power","0","1997","\N","121","Action,Crime,Drama"
"115827","tt0118571","movie","air-force-one","air-force-one","0","1997","\N","124","Action,Drama,Thriller"
"116196","tt0118956","movie","deep-rising","deep-rising","0","1998","\N","106","Action,Adventure,Horror"
"116600","tt0119381","movie","inventing-the-abbotts","inventing-the-abbotts","0","1997","\N","110","Drama,Romance"
"116843","tt0119643","movie","meet-joe-black","meet-joe-black","0","1998","\N","178","Drama,Fantasy,Romance"
"116852","tt0119654","movie","men-in-black","men-in-black","0","1997","\N","98","Action,Adventure,Comedy"
"116862","tt0119664","movie","metro","metro","0","1997","\N","117","Action,Comedy,Crime"
"117009","tt0119822","movie","as-good-as-it-gets","as-good-as-it-gets","0","1997","\N","139","Comedy,Drama,Romance"
"117362","tt0120188","movie","three-kings","three-kings","0","1999","\N","114","Action,Adventure,Comedy"
"117375","tt0120201","movie","starship-troopers","starship-troopers","0","1997","\N","129","Action,Adventure,Sci-Fi"
"117507","tt0120338","movie","titanic","titanic","0","1997","\N","194","Drama,Romance"
"117514","tt0120347","movie","tomorrow-never-dies","tomorrow-never-dies","0","1997","\N","119","Action,Adventure,Thriller"
"117639","tt0120477","movie","wanted","wanted","0","1997","\N","87","Action,Comedy"
"117739","tt0120591","movie","armageddon","armageddon","0","1998","\N","151","Action,Adventure,Sci-Fi"
"117756","tt0120611","movie","blade","blade","0","1998","\N","120","Action,Horror,Sci-Fi"
"117794","tt0120660","movie","enemy-of-the-state","enemy-of-the-state","0","1998","\N","132","Action,Thriller"
"117799","tt0120667","movie","fantastic-four","fantastic-four","0","2005","\N","106","Action,Adventure,Fantasy"
"117814","tt0120685","movie","godzilla","godzilla","0","1998","\N","139","Action,Sci-Fi,Thriller"
"117824","tt0120696","movie","hard-rain","hard-rain","0","1998","\N","97","Action,Crime,Drama"
"117892","tt0120780","movie","out-of-sight","out-of-sight","0","1998","\N","123","Comedy,Crime,Drama"
"117912","tt0120804","movie","resident-evil","resident-evil","0","2002","\N","100","Action,Horror,Sci-Fi"
"117916","tt0120812","movie","rush-hour","rush-hour","0","1998","\N","98","Action,Comedy,Crime"
"117918","tt0120815","movie","saving-private-ryan","saving-private-ryan","0","1998","\N","169","Drama,War"
"117976","tt0120891","movie","wild-wild-west","wild-wild-west","0","1999","\N","106","Action,Comedy,Sci-Fi"
"117984","tt0120903","movie","x-men","x-men","0","2000","\N","104","Action,Adventure,Sci-Fi"
"119376","tt0122487","movie","feast","feast","0","1992","\N","87","Comedy,Horror"
"122153","tt0125439","movie","notting-hill","notting-hill","0","1999","\N","124","Comedy,Drama,Romance"
"122716","tt0126029","movie","shrek","shrek","0","2001","\N","90","Adventure,Animation,Comedy"
"127673","tt0131254","movie","wanted","wanted","1","1980","\N","80","Adult"
"133575","tt0137494","movie","entrapment","entrapment","0","1999","\N","113","Action,Crime,Romance"
"133603","tt0137523","movie","fight-club","fight-club","0","1999","\N","139","Drama"
"135085","tt0139134","movie","cruel-intentions","cruel-intentions","0","1999","\N","97","Drama,Romance"
"135351","tt0139414","movie","lake-placid","lake-placid","0","1999","\N","82","Action,Comedy,Horror"
"135575","tt0139654","movie","training-day","training-day","0","2001","\N","122","Crime,Drama,Thriller"
"141135","tt0145487","movie","spider-man","spider-man","0","2002","\N","121","Action,Adventure,Sci-Fi"
"142469","tt0146882","movie","high-fidelity","high-fidelity","0","2000","\N","113","Comedy,Drama,Music"
"147134","tt0151738","movie","never-been-kissed","never-been-kissed","0","1999","\N","107","Comedy,Drama,Romance"
"148975","tt0153644","movie","wanted","wanted","0","1998","\N","92","Drama,Thriller"
"149483","tt0154182","movie","avatar","avatar","0","1941","\N","\N","Drama"
"150531","tt0155274","movie","titanic","titanic","0","1915","\N","\N","History"
"150625","tt0155371","movie","wanted","wanted","0","1961","\N","\N","Action"
"151557","tt0156348","movie","belle","belle","0","1973","\N","96","Drama"
"158377","tt0163665","movie","hostage","hostage","0","1999","\N","91","Drama"
"161586","tt0167190","movie","hellboy","hellboy","0","2004","\N","122","Action,Adventure,Fantasy"
"161832","tt0167456","movie","thunderbirds","thunderbirds","0","2004","\N","95","Action,Adventure,Comedy"
"166575","tt0172495","movie","gladiator","gladiator","0","2000","\N","155","Action,Adventure,Drama"
"167787","tt0173746","movie","crash","crash","0","1987","\N","\N","\N"
"173039","tt0179292","movie","legend","legend","1","1990","\N","80","Adult,Mystery,Thriller"
"175263","tt0181689","movie","minority-report","minority-report","0","2002","\N","145","Action,Crime,Mystery"
"175375","tt0181813","movie","sherlock-holmes","sherlock-holmes","0","1995","\N","\N","Mystery"
"178201","tt0184858","movie","reindeer-games","reindeer-games","0","2000","\N","104","Action,Adventure,Crime"
"180694","tt0187542","movie","taxi-driver","taxi-driver","0","1978","\N","\N","Action,Drama"
"180879","tt0187738","movie","blade-ii","blade-ii","0","2002","\N","117","Action,Horror,Sci-Fi"
"188699","tt0196158","movie","ticker","ticker","0","2001","\N","92","Action,Crime,Thriller"
"190429","tt0197993","movie","up-in-the-air","up-in-the-air","1","1984","\N","79","Adult"
"198050","tt0206275","movie","save-the-last-dance","save-the-last-dance","0","2001","\N","112","Drama,Music,Romance"
"200577","tt0208988","movie","get-carter","get-carter","0","2000","\N","102","Action,Crime,Drama"
"202061","tt0210562","movie","backdraft","backdraft","0","1998","\N","\N","Documentary,Drama,Family"
"204485","tt0213149","movie","pearl-harbor","pearl-harbor","0","2001","\N","183","Action,Drama,History"
"205576","tt0214292","movie","wanted","wanted","0","1999","\N","90","Fantasy"
"208508","tt0217402","movie","drive","drive","1","1974","\N","76","Adult,Thriller"
"217886","tt0227413","movie","rush","rush","0","1980","\N","48","\N"
"221148","tt0230859","movie","taxi-driver","taxi-driver","0","1973","\N","118","Romance"
"224732","tt0234583","movie","reindeer-games","reindeer-games","0","1996","\N","113","Drama,Horror,Thriller"
"232434","tt0242576","movie","king-kong","king-kong","0","1962","\N","142","Action,Adventure,Comedy"
"248393","tt0259324","movie","ghost-rider","ghost-rider","0","2007","\N","110","Action,Fantasy,Thriller"
"251344","tt0262429","movie","gamer","gamer","0","2001","\N","92","Comedy,Sci-Fi"
"252973","tt0264116","movie","jane-eyre","jane-eyre","0","1968","\N","80","Drama,Romance"
"255615","tt0266915","movie","rush-hour-2","rush-hour-2","0","2001","\N","90","Action,Comedy,Crime"
"260797","tt0272338","movie","punch-drunk-love","punch-drunk-love","0","2002","\N","95","Comedy,Drama,Romance"
"266501","tt0278325","movie","avatar","avatar","0","1916","\N","50","Drama,Fantasy"
"278296","tt0290677","movie","jane-eyre","jane-eyre","0","1910","\N","\N","Drama"
"285193","tt0297865","movie","drive","drive","0","2002","\N","102","Crime"
"293107","tt0306230","movie","whiplash","whiplash","0","2002","\N","110","Comedy,Drama"
"294311","tt0307479","movie","solaris","solaris","0","2002","\N","99","Drama,Mystery,Romance"
"299040","tt0312380","movie","armageddon","armageddon","0","1962","\N","99","Drama"
"301873","tt0315327","movie","bruce-almighty","bruce-almighty","0","2003","\N","101","Comedy,Fantasy"
"302318","tt0315785","movie","armageddon","armageddon","0","1923","\N","\N","Drama,War"
"307111","tt0320751","movie","warrior","warrior","0","2002","\N","97","Action,Adventure,Fantasy"
"313693","tt0327554","movie","catwoman","catwoman","0","2004","\N","104","Action,Crime,Fantasy"
"316456","tt0330410","movie","hostage","hostage","0","2001","\N","100","Action"
"317319","tt0331301","movie","oblivion","oblivion","0","1997","\N","90","\N"
"319721","tt0333766","movie","garden-state","garden-state","0","2004","\N","102","Comedy,Drama,Romance"
"323826","tt0337972","movie","defiance","defiance","0","2002","\N","72","Western"
"325933","tt0340163","movie","hostage","hostage","0","2005","\N","113","Action,Crime,Drama"
"337168","tt0351977","movie","walking-tall","walking-tall","0","2004","\N","86","Action,Crime"
"345696","tt0360717","movie","king-kong","king-kong","0","2005","\N","187","Action,Adventure,Drama"
"346684","tt0361748","movie","inglourious-basterds","inglourious-basterds","0","2009","\N","153","Adventure,Drama,War"
"348170","tt0363282","movie","new-york-minute","new-york-minute","0","2004","\N","91","Comedy,Crime,Family"
"348404","tt0363525","movie","commando","commando","0","1988","\N","149","Action,Drama,Romance"
"348425","tt0363547","movie","dawn-of-the-dead","dawn-of-the-dead","0","2004","\N","101","Action,Horror"
"350387","tt0365579","movie","oblivion","oblivion","0","2004","\N","90","\N"
"350715","tt0365929","movie","whiteout","whiteout","0","2009","\N","101","Action,Crime,Mystery"
"353989","tt0369339","movie","collateral","collateral","0","2004","\N","120","Action,Crime,Drama"
"356535","tt0371982","movie","taxi-driver","taxi-driver","0","1981","\N","129","Musical"
"360108","tt0375679","movie","crash","crash","0","2004","\N","112","Crime,Drama,Thriller"
"361010","tt0376606","movie","frozen","frozen","0","2005","\N","90","Thriller"
"364099","tt0379786","movie","serenity","serenity","0","2005","\N","119","Action,Adventure,Sci-Fi"
"387040","tt0403702","movie","youth-in-revolt","youth-in-revolt","0","2009","\N","90","Comedy,Drama,Romance"
"390544","tt0407304","movie","war-of-the-worlds","war-of-the-worlds","0","2005","\N","116","Action,Adventure,Sci-Fi"
"392635","tt0409459","movie","watchmen","watchmen","0","2009","\N","162","Action,Drama,Mystery"
"399640","tt0416658","movie","crazylove","crazylove","0","2005","\N","95","Comedy,Drama,Romance"
"401175","tt0418229","movie","taxi-driver","taxi-driver","0","1944","\N","\N","Comedy,Musical"
"401748","tt0418819","movie","land-of-the-dead","land-of-the-dead","0","2005","\N","93","Horror,Sci-Fi,Thriller"
"404070","tt0421201","movie","flash-gordon","flash-gordon","0","\N","\N","\N","Action,Adventure,Animation"
"408406","tt0425634","movie","wanted","wanted","0","2004","\N","\N","Action,Crime,Thriller"
"409218","tt0426459","movie","feast","feast","0","2005","\N","95","Action,Comedy,Horror"
"416950","tt0434409","movie","v-for-vendetta","v-for-vendetta","0","2005","\N","132","Action,Drama,Sci-Fi"
"418225","tt0435705","movie","next","next","0","2007","\N","96","Action,Sci-Fi,Thriller"
"418445","tt0435934","movie","wanted","wanted","0","2004","\N","\N","\N"
"424141","tt0441773","movie","kung-fu-panda","kung-fu-panda","0","2008","\N","92","Action,Adventure,Animation"
"426504","tt0444196","movie","it-happened-one-night","it-happened-one-night","0","1978","\N","\N","Action,Romance"
"430332","tt0448157","movie","hancock","hancock","0","2008","\N","92","Action,Drama,Fantasy"
"435561","tt0453556","movie","tmnt","tmnt","0","2007","\N","87","Action,Adventure,Animation"
"439238","tt0457325","movie","drive","drive","0","2005","\N","94","Documentary,Sport"
"444082","tt0462284","movie","fair-game","fair-game","0","2005","\N","88","Drama"
"448847","tt0467197","movie","max-payne","max-payne","0","2008","\N","100","Action,Crime,Drama"
"461160","tt0479884","movie","crank","crank","0","2006","\N","88","Action,Crime,Thriller"
"461926","tt0480687","movie","hall-pass","hall-pass","0","2011","\N","105","Comedy,Romance"
"474338","tt0493464","movie","wanted","wanted","0","2008","\N","110","Action,Crime,Thriller"
"475713","tt0494891","movie","wild","wild","0","1981","\N","\N","Drama"
"480242","tt0499549","movie","avatar","avatar","0","2009","\N","162","Action,Adventure,Fantasy"
"756106","tt0780504","movie","drive","drive","0","2011","\N","100","Action,Drama"
"766568","tt0791324","movie","metro","metro","0","2006","\N","105","Drama"
"771455","tt0796366","movie","star-trek","star-trek","0","2009","\N","127","Action,Adventure,Sci-Fi"
"775240","tt0800260","movie","wanted","wanted","0","2002","\N","105","Documentary"
"775296","tt0800320","movie","clash-of-the-titans","clash-of-the-titans","0","2010","\N","106","Action,Adventure,Fantasy"
"785788","tt0811080","movie","speed-racer","speed-racer","0","2008","\N","135","Action,Adventure,Comedy"
"790978","tt0816462","movie","conan-the-barbarian","conan-the-barbarian","0","2011","\N","113","Action,Adventure,Fantasy"
"797211","tt0822847","movie","priest","priest","0","2011","\N","87","Action,Adventure,Fantasy"
"805396","tt0831387","movie","godzilla","godzilla","0","2014","\N","123","Action,Adventure,Sci-Fi"
"847639","tt0875034","movie","nine","nine","0","2009","\N","118","Drama,Musical,Romance"
"912691","tt0942385","movie","tropic-thunder","tropic-thunder","0","2008","\N","107","Action,Comedy,War"
"919598","tt0949547","movie","supergirl","supergirl","0","1973","\N","\N","Action,Fantasy"
"946874","tt0977855","movie","fair-game","fair-game","0","2010","\N","108","Biography,Drama,Thriller"
"956781","tt0988045","movie","sherlock-holmes","sherlock-holmes","0","2009","\N","128","Action,Adventure,Mystery"
"962394","tt0993842","movie","hanna","hanna","0","2011","\N","111","Action,Adventure,Drama"
"1024104","tt1010048","movie","slumdog-millionaire","slumdog-millionaire","0","2008","\N","120","Drama,Romance"
"1067946","tt10179354","movie","frankenstein","frankenstein","0","2021","\N","\N","\N"
"1095804","tt10228992","movie","hanna","hanna","0","\N","\N","\N","Documentary"
"1132137","tt10294056","movie","metro","metro","0","\N","\N","\N","Sci-Fi"
"1150723","tt1032755","movie","rocknrolla","rocknrolla","0","2008","\N","114","Action,Crime,Thriller"
"1157814","tt1034032","movie","gamer","gamer","0","2009","\N","95","Action,Sci-Fi,Thriller"
"1159310","tt1034303","movie","defiance","defiance","0","2008","\N","137","Action,Drama,History"
"1183560","tt1038686","movie","legion","legion","0","2010","\N","100","Action,Fantasy,Horror"
"1222434","tt1045658","movie","silver-linings-playbook","silver-linings-playbook","0","2012","\N","122","Comedy,Drama,Romance"
"1223027","tt1045772","movie","i-love-you-phillip-morris","i-love-you-phillip-morris","0","2009","\N","102","Biography,Comedy,Crime"
"1301064","tt1059786","movie","eagle-eye","eagle-eye","0","2008","\N","118","Action,Mystery,Thriller"
"1330388","tt1065073","movie","boyhood","boyhood","0","2014","\N","165","Drama"
"1342048","tt10671440","movie","blade","blade","0","\N","\N","\N","Action,Adventure,Fantasy"
"1344564","tt10676052","movie","fantastic-four","fantastic-four","0","\N","\N","\N","Action,Adventure,Sci-Fi"
"1368347","tt1071798","movie","frozen","frozen","0","2007","\N","110","Drama"
"1442349","tt1084972","movie","wanted","wanted","0","2009","\N","147","Action,Crime,Thriller"
"1464304","tt10888642","movie","wanted","wanted","0","2018","\N","158","Drama"
"1527507","tt1100089","movie","foxcatcher","foxcatcher","0","2014","\N","134","Biography,Drama,History"
"1540384","tt1102362","movie","wild","wild","0","1993","\N","54","Documentary"
"1550210","tt1104082","movie","legion","legion","0","1998","\N","\N","\N"
"1617823","tt11160834","movie","defiance","defiance","0","2020","\N","\N","Sci-Fi"
"1662637","tt11242990","movie","feast","feast","0","\N","\N","\N","\N"
"1679435","tt11273700","movie","legend","legend","0","\N","\N","\N","Adventure,Family,Fantasy"
"1694372","tt11300570","movie","feast","feast","0","2019","\N","97","Drama"
"1746574","tt11394276","movie","assassins","assassins","0","2020","\N","104","Biography,Documentary"
"1752434","tt11404674","movie","remember-me","remember-me","0","2020","\N","80","Drama,Romance"
"1785933","tt11465448","movie","remember-me","remember-me","0","2020","\N","80","Drama,Romance"
"1903083","tt11673946","movie","assassins","assassins","0","2020","\N","\N","Drama"
"1924827","tt11712502","movie","drive","drive","0","2020","\N","78","Documentary"
"1986121","tt11822098","movie","hostage","hostage","0","\N","\N","\N","Thriller"
"2009483","tt1186367","movie","ninja-assassin","ninja-assassin","0","2009","\N","99","Action,Thriller"
"2022607","tt1188729","movie","pandorum","pandorum","0","2009","\N","108","Action,Horror,Mystery"
"2047397","tt1193138","movie","up-in-the-air","up-in-the-air","0","2009","\N","109","Comedy,Drama,Romance"
"2052904","tt11941222","movie","willow","willow","0","\N","\N","\N","Drama"
"2185658","tt12182062","movie","godzilla","godzilla","0","1957","\N","92","Sci-Fi"
"2217123","tt12240500","movie","heat","heat","0","2019","\N","\N","Action,Drama,Horror"
"2249118","tt1229822","movie","jane-eyre","jane-eyre","0","2011","\N","120","Drama,Romance"
"2283480","tt12359978","movie","remember-me","remember-me","0","2022","\N","\N","Drama"
"2320437","tt12427518","movie","crash","crash","0","2003","\N","93","Documentary"
"2496313","tt1276104","movie","looper","looper","0","2012","\N","113","Action,Drama,Sci-Fi"
"2522706","tt12810234","movie","legend","legend","0","2020","\N","\N","Western"
"2528658","tt1282140","movie","easy-a","easy-a","0","2010","\N","92","Comedy,Drama,Romance"
"2579891","tt1291584","movie","warrior","warrior","0","2011","\N","140","Action,Drama,Sport"
"2580007","tt12916062","movie","tron","tron","0","\N","\N","\N","\N"
"2680174","tt13097910","movie","feast","feast","0","2021","\N","75","Drama"
"2693537","tt1312221","movie","frankenstein","frankenstein","0","\N","\N","\N","Horror"
"2705068","tt13142704","movie","war-of-the-worlds","war-of-the-worlds","0","2020","\N","\N","Sci-Fi"
"2726280","tt13180918","movie","belle","belle","0","\N","\N","\N","Thriller"
"2728622","tt1318514","movie","rise-of-the-planet-of-the-apes","rise-of-the-planet-of-the-apes","0","2011","\N","105","Action,Drama,Sci-Fi"
"2733796","tt13194654","movie","code-of-silence","code-of-silence","0","2021","\N","97","Crime"
"2753498","tt1323045","movie","frozen","frozen","0","2010","\N","93","Adventure,Drama,Thriller"
"2760762","tt13243778","movie","rush","rush","0","2017","\N","94","Drama"
"2777823","tt13275276","movie","warrior","warrior","0","\N","\N","\N","Drama"
"2796956","tt1331062","movie","oblivion","oblivion","0","2006","\N","78","Drama"
"2840982","tt13392684","movie","reindeer-games","reindeer-games","0","2020","\N","90","Comedy"
"3040473","tt1375666","movie","inception","inception","0","2010","\N","148","Action,Adventure,Sci-Fi"
"3065570","tt13802348","movie","die-hard","die-hard","0","1999","\N","\N","Action"
"3148303","tt13950424","movie","wild","wild","0","2016","\N","107","Comedy,Drama"
"3180638","tt14008348","movie","next","next","0","\N","\N","\N","Drama"
"3197995","tt1403981","movie","remember-me","remember-me","0","2010","\N","113","Drama,Romance"
"3225966","tt1409024","movie","men-in-black-3","men-in-black-3","0","2012","\N","106","Action,Adventure,Comedy"
"3347780","tt1431045","movie","deadpool","deadpool","0","2016","\N","108","Action,Adventure,Comedy"
"3387354","tt1438174","movie","belle","belle","0","\N","\N","\N","Drama"
"3404465","tt1441251","movie","cliffhanger","cliffhanger","0","\N","\N","\N","Action,Adventure,Thriller"
"3443598","tt14483112","movie","war-of-the-worlds","war-of-the-worlds","0","2020","\N","\N","\N"
"3444022","tt14483920","movie","war-of-the-worlds","war-of-the-worlds","0","2020","\N","\N","Horror"
"3532697","tt1464540","movie","i-am-number-four","i-am-number-four","0","2011","\N","111","Action,Adventure,Sci-Fi"
"3535660","tt14650862","movie","out-of-sight","out-of-sight","0","2021","\N","52","Documentary"
"3539850","tt14658518","movie","wanted","wanted","0","2019","\N","100","Drama"
"3585383","tt14741908","movie","independence-day","independence-day","0","2000","\N","\N","Drama"
"3609822","tt14786948","movie","master-and-commander","master-and-commander","0","\N","\N","\N","\N"
"3633760","tt1483013","movie","oblivion","oblivion","0","2013","\N","124","Action,Adventure,Sci-Fi"
"3726348","tt15000958","movie","wild","wild","0","2021","\N","88","Documentary"
"3729948","tt15007640","movie","assassins","assassins","0","1990","\N","\N","Documentary"
"3738860","tt1502404","movie","drive-angry","drive-angry","0","2011","\N","104","Action,Fantasy,Thriller"
"3740616","tt1502712","movie","fantastic-four","fantastic-four","0","2015","\N","100","Action,Adventure,Sci-Fi"
"3873146","tt15268810","movie","heat","heat","0","\N","\N","\N","Drama,Sport"
"3947025","tt1540405","movie","feast","feast","0","2009","\N","\N","Horror,Thriller"
"3962604","tt1543211","movie","godzilla","godzilla","0","1977","\N","106","Sci-Fi"
"4178813","tt15825220","movie","reindeer-games","reindeer-games","0","\N","\N","\N","\N"
"4277186","tt16022006","movie","legend","legend","0","\N","\N","\N","Drama"
"4289717","tt1606380","movie","frankenstein","frankenstein","0","\N","\N","\N","Horror"
"4304727","tt1609986","movie","three-kings","three-kings","0","2010","\N","65","Biography,Documentary,Sport"
"4344423","tt1622547","movie","30-minutes-or-less","30-minutes-or-less","0","2011","\N","83","Action,Comedy,Crime"
"4412637","tt16358994","movie","gladiator","gladiator","0","\N","\N","\N","Drama"
"4465143","tt1646971","movie","how-to-train-your-dragon-2","how-to-train-your-dragon-2","0","2014","\N","102","Action,Adventure,Animation"
"4465535","tt1647353","movie","commando","commando","0","\N","\N","\N","Action"
"4487082","tt1657507","movie","colombiana","colombiana","0","2011","\N","108","Action,Drama,Thriller"
"4556847","tt1690445","movie","bad-boys","bad-boys","0","1988","\N","\N","\N"
"4616595","tt1709105","movie","drive","drive","0","2010","\N","55","Documentary"
"4657521","tt17346396","movie","clueless","clueless","0","2015","\N","\N","Drama"
"4661496","tt1735898","movie","snow-white-and-the-huntsman","snow-white-and-the-huntsman","0","2012","\N","127","Action,Adventure,Drama"
"4663501","tt1737267","movie","wanted","wanted","0","2010","\N","110","Action"
"4677909","tt1748122","movie","moonrise-kingdom","moonrise-kingdom","0","2012","\N","94","Comedy,Drama,Romance"
"4710666","tt1766172","movie","theory-of-everything","theory-of-everything","0","\N","\N","\N","Action,Sci-Fi,Thriller"
"4733657","tt1790697","movie","frankenstein","frankenstein","0","\N","\N","\N","Drama"
"4742230","tt1800241","movie","american-hustle","american-hustle","0","2013","\N","138","Crime,Drama"
"4772526","tt1831825","movie","wanted","wanted","0","2011","\N","160","Action,Drama"
"4774887","tt1834266","movie","legend","legend","0","\N","\N","\N","Action,Adventure,Fantasy"
"4804809","tt1865385","movie","hall-pass","hall-pass","0","2006","\N","93","Drama"
"4808514","tt1869233","movie","three-kings","three-kings","0","2011","\N","123","Comedy"
"4809657","tt1870422","movie","heat","heat","0","\N","\N","\N","Comedy"
"4815480","tt1876409","movie","oblivion","oblivion","0","2011","\N","116","Thriller"
"4850642","tt1913131","movie","serenity","serenity","0","2011","\N","93","Biography,Documentary,Drama"
"4895127","tt1959437","movie","king-kong","king-kong","0","\N","\N","\N","Animation"
"4914287","tt1979320","movie","rush","rush","0","2013","\N","123","Action,Biography,Drama"
"4922265","tt1987632","movie","rush","rush","0","2011","\N","87","Comedy,Romance"
"4932509","tt1998280","movie","metro","metro","0","2008","\N","120","Drama"
"4991010","tt2058673","movie","point-break","point-break","0","2015","\N","114","Action,Adventure,Crime"
"5039204","tt2109165","movie","metro","metro","0","2002","\N","57","Documentary"
"5055077","tt2126361","movie","starship-troopers","starship-troopers","0","\N","\N","\N","Action,Adventure,Sci-Fi"
"5060938","tt2132477","movie","taxi-driver","taxi-driver","0","1970","\N","135","Drama"
"5067961","tt2140041","movie","jurassic-park","jurassic-park","0","\N","\N","\N","Drama"
"5069685","tt2141835","movie","metro","metro","0","2011","\N","51","Comedy,Documentary,Drama"
"5102854","tt2179136","movie","american-sniper","american-sniper","0","2014","\N","133","Action,Biography,Drama"
"5102878","tt2179165","movie","nine","nine","0","2016","\N","\N","Horror"
"5103991","tt2180411","movie","into-the-woods","into-the-woods","0","2014","\N","125","Adventure,Comedy,Drama"
"5111336","tt2188677","movie","belle","belle","0","2012","\N","\N","\N"
"5114013","tt2191715","movie","into-the-woods","into-the-woods","0","2011","\N","153","Comedy,Musical"
"5122089","tt2201083","movie","into-the-woods","into-the-woods","0","2012","\N","\N","Thriller"
"5170790","tt2256514","movie","rush","rush","0","2012","\N","110","Crime,Thriller"
"5180859","tt2267998","movie","gone-girl","gone-girl","0","2014","\N","149","Drama,Mystery,Thriller"
"5186832","tt2274648","movie","hellboy","hellboy","0","2019","\N","120","Action,Adventure,Fantasy"
"5197291","tt2286560","movie","frankenstein","frankenstein","0","2011","\N","82","Drama,Horror"
"5204414","tt2294629","movie","frozen","frozen","0","2013","\N","102","Adventure,Animation,Comedy"
"5213754","tt2304901","movie","sherlock-holmes","sherlock-holmes","0","2011","\N","77","Adventure"
"5213898","tt2305051","movie","wild","wild","0","2014","\N","115","Adventure,Biography,Drama"
"5253953","tt2350892","movie","bad-country","bad-country","0","2014","\N","95","Action,Crime,Drama"
"5283836","tt2385003","movie","assassins","assassins","0","2014","\N","84","Action,Drama,Thriller"
"5300728","tt2404181","movie","belle","belle","0","2013","\N","100","Biography,Drama,Romance"
"5338823","tt2495766","movie","titanic","titanic","0","2012","\N","\N","Adventure"
"5340241","tt2499376","movie","rush","rush","0","\N","\N","\N","Biography,Drama"
"5371602","tt2577542","movie","legend","legend","0","2013","\N","134","Horror"
"5373744","tt2582802","movie","whiplash","whiplash","0","2014","\N","106","Drama,Music"
"5401102","tt2649128","movie","metro","metro","0","2013","\N","133","Action,Drama,Thriller"
"5404803","tt2658126","movie","commando","commando","0","2013","\N","124","Action,Adventure,Thriller"
"5412690","tt2677182","movie","bad-boys","bad-boys","0","2003","\N","118","Thriller"
"5473562","tt2822062","movie","crash","crash","0","2011","\N","94","Thriller"
"5519401","tt2930144","movie","judge","judge","0","2013","\N","76","Mystery,Thriller"
"5522503","tt2937898","movie","a-most-violent-year","a-most-violent-year","0","2014","\N","125","Action,Crime,Drama"
"5522741","tt2938466","movie","hostage","hostage","0","\N","\N","\N","Thriller"
"5527263","tt2949304","movie","warrior","warrior","0","\N","\N","120","Action,Adventure,Drama"
"5542625","tt2986772","movie","twins","twins","0","\N","\N","\N","Adventure,Comedy"
"5556480","tt3020532","movie","belle","belle","0","2014","\N","52","Drama"
"5627452","tt3189622","movie","entrapment","entrapment","0","\N","\N","90","Drama,Thriller"
"5640927","tt3220472","movie","whiteout","whiteout","0","\N","\N","\N","Adventure,Drama"
"5682771","tt3316960","movie","still-alice","still-alice","0","2014","\N","101","Drama"
"5687245","tt3327426","movie","war-of-the-worlds","war-of-the-worlds","0","2013","\N","50","Sci-Fi"
"5718748","tt3400182","movie","taxi-driver","taxi-driver","0","1978","\N","\N","\N"
"5765257","tt3507982","movie","nine","nine","0","\N","\N","\N","Drama"
"5785246","tt3555036","movie","legend","legend","0","2014","\N","168","Action,Drama"
"5791340","tt3569230","movie","legend","legend","0","2015","\N","132","Biography,Crime,Drama"
"6012723","tt4071086","movie","wild","wild","0","2016","\N","97","Drama"
"6019348","tt4086032","movie","frankenstein","frankenstein","0","2015","\N","89","Horror,Sci-Fi,Thriller"
"6053521","tt4163390","movie","warrior","warrior","0","2015","\N","\N","Drama"
"6094551","tt4256672","movie","out-of-sight","out-of-sight","0","2013","\N","\N","Sport"
"6104256","tt4278204","movie","gamer","gamer","0","2014","\N","\N","Thriller"
"6106300","tt4282670","movie","feast","feast","0","2014","\N","\N","Horror"
"6110669","tt4292470","movie","deep-cover","deep-cover","0","\N","\N","\N","Comedy"
"6152570","tt4385292","movie","legion","legion","0","\N","\N","\N","Horror"
"6157948","tt4397094","movie","supergirl","supergirl","0","2016","\N","80","Documentary"
"6260112","tt4627100","movie","next","next","0","2015","\N","72","Documentary"
"6346791","tt4824222","movie","drive","drive","0","2018","\N","84","Drama"
"6354431","tt4841790","movie","belle","belle","0","\N","\N","\N","Thriller"
"6355128","tt4843358","movie","remember-me","remember-me","0","2016","\N","85","Comedy"
"6361801","tt4859054","movie","up-in-the-air","up-in-the-air","0","\N","\N","90","Biography,Documentary,Music"
"6377268","tt4893748","movie","fair-game","fair-game","0","2017","\N","54","Documentary"
"6385778","tt4912936","movie","rush","rush","0","2014","\N","60","Documentary,News"
"6424021","tt4999290","movie","remember-me","remember-me","0","2019","\N","88","Comedy,Romance"
"6510599","tt5195390","movie","grand-hotel","grand-hotel","0","2016","\N","95","Comedy,Drama"
"6520000","tt5216632","movie","out-of-sight","out-of-sight","0","2015","\N","60","Documentary"
"6667108","tt5545876","movie","code-of-silence","code-of-silence","0","2014","\N","58","Documentary"
"6676538","tt5566522","movie","solaris","solaris","0","2007","\N","90","Sci-Fi"
"6698190","tt5615768","movie","gamer","gamer","0","\N","\N","\N","Drama"
"6720991","tt5667840","movie","entrapment","entrapment","0","\N","\N","101","Drama"
"6793190","tt5833302","movie","metro","metro","0","2016","\N","119","Action,Crime,Thriller"
"6813997","tt5880132","movie","frankenstein","frankenstein","0","\N","\N","\N","Drama,Horror"
"6829583","tt5915168","movie","wild","wild","0","\N","\N","\N","Drama"
"6926870","tt6133532","movie","assassins","assassins","0","2016","\N","78","Action,Adventure,Comedy"
"7007372","tt6313048","movie","hostage","hostage","0","1986","\N","72","Action,Thriller"
"7038690","tt6383452","movie","wild","wild","0","2018","\N","80","Documentary"
"7051603","tt6412160","movie","frankenstein","frankenstein","0","\N","\N","\N","Animation"
"7054868","tt6419402","movie","warrior","warrior","0","2007","\N","\N","\N"
"7067025","tt6447660","movie","heat","heat","0","2011","\N","\N","\N"
"7079901","tt6476140","movie","serenity","serenity","0","2019","\N","106","Drama,Mystery,Thriller"
"7101426","tt6523686","movie","warrior","warrior","0","\N","\N","\N","Action"
"7122343","tt6569238","movie","strange-days","strange-days","0","\N","\N","\N","Comedy"
"7133217","tt6593054","movie","drive","drive","0","2019","\N","147","Action,Crime,Thriller"
"7145160","tt6619180","movie","hostage","hostage","0","2021","\N","79","Thriller"
"7216721","tt6780630","movie","ticker","ticker","0","\N","\N","\N","Action,Thriller"
"7537826","tt7487332","movie","code-of-silence","code-of-silence","0","\N","\N","\N","Crime,Drama"
"7598877","tt7620218","movie","rush-hour","rush-hour","0","2018","\N","80","Documentary"
"7650933","tt7733440","movie","king-kong","king-kong","0","2018","\N","116","Action,Adventure"
"7735291","tt7916522","movie","commando","commando","0","1995","\N","\N","\N"
"7768995","tt7990108","movie","remember-me","remember-me","0","2022","\N","\N","Thriller"
"7780500","tt8014896","movie","twins","twins","0","2021","\N","\N","Horror"
"7795119","tt8046432","movie","ticker","ticker","0","\N","\N","\N","Action,Comedy"
"7832428","tt8126486","movie","crash","crash","0","\N","\N","\N","Action,Adventure,Sci-Fi"
"7910701","tt8297174","movie","gladiator","gladiator","0","2016","\N","52","Documentary"
"7984362","tt8456426","movie","priest","priest","0","2020","\N","88","Documentary"
"7992542","tt8474088","movie","rush","rush","0","2008","\N","56","Documentary"
"8080774","tt8668906","movie","defiance","defiance","0","1992","\N","\N","Action"
"8132513","tt8784068","movie","legend","legend","0","\N","\N","\N","Drama"
"8146645","tt8814476","movie","supergirl","supergirl","0","\N","\N","\N","Action,Adventure,Sci-Fi"
"8152388","tt8826828","movie","oblivion","oblivion","0","2018","\N","\N","\N"
"8164125","tt8852130","movie","titanic","titanic","0","2018","\N","115","Family"
"8241084","tt9018874","movie","willow","willow","0","\N","\N","\N","Drama"
"8299210","tt9145948","movie","rush","rush","0","2019","\N","148","Drama,Romance"
"8307098","tt9162748","movie","catwoman","catwoman","1","2015","\N","\N","Adult"
"8325972","tt9203648","movie","clueless","clueless","0","\N","\N","\N","Comedy"
"8331319","tt9215220","movie","crank","crank","0","\N","\N","\N","Drama"
"8414226","tt9392618","movie","willow","willow","0","2019","\N","101","Drama"
"8522638","tt9626910","movie","jane-eyre","jane-eyre","0","2019","\N","90","History"
"8558723","tt9703646","movie","into-the-woods","into-the-woods","0","2018","\N","\N","Fantasy,Horror"
"8585822","tt9761276","movie","gamer","gamer","0","\N","\N","\N","Drama"
"8592813","tt9776128","movie","hostage","hostage","0","\N","\N","\N","Drama,Horror,Mystery"
